sample,mutation,POS,REF,ALT,ALT_FREQ
bauchi_1586,C207T,207,C,T,0.999488
bauchi_1586,C241T,241,C,T,1.0
bauchi_1586,A291T,291,A,T,0.838509
bauchi_1586,C3037T,3037,C,T,0.999722
bauchi_1586,T3070C,3070,T,C,1.0
bauchi_1586,C4543T,4543,C,T,0.997766
bauchi_1586,A7024T,7024,A,T,0.725
bauchi_1586,T7767C,7767,T,C,0.816749
bauchi_1586,G8179T,8179,G,T,0.998576
bauchi_1586,C8481T,8481,C,T,0.9627
bauchi_1586,A9453C,9453,A,C,0.998549
bauchi_1586,C11565T,11565,C,T,0.996957
bauchi_1586,C13536T,13536,C,T,0.807512
bauchi_1586,C14408T,14408,C,T,0.994455
bauchi_1586,A18163G,18163,A,G,0.937143
bauchi_1586,C19269T,19269,C,T,0.999532
bauchi_1586,G19509A,19509,G,A,0.998607
bauchi_1586,A21127G,21127,A,G,0.999593
bauchi_1586,T22917G,22917,T,G,0.999685
bauchi_1586,A23403G,23403,A,G,0.999216
bauchi_1586,A23669G,23669,A,G,0.818182
bauchi_1586,A25026T,25026,A,T,1.0
bauchi_1586,G25244T,25244,G,T,0.999842
bauchi_1586,C25355A,25355,C,A,0.7
bauchi_1586,C25584T,25584,C,T,1.0
bauchi_1586,C26078T,26078,C,T,0.500583
bauchi_1586,C26577G,26577,C,G,0.564165
bauchi_1586,A26927G,26927,A,G,0.999789
bauchi_1586,G28881A,28881,G,A,0.998764
bauchi_1586,G28882A,28882,G,A,0.997805
bauchi_1586,G28883C,28883,G,C,0.998359
bauchi_1586,G29755-NNNNNNN,29755,G,-NNNNNNN,0.986205
bauchi_1586,T29760A,29760,T,A,1.0
bauchi_3370,C241T,241,C,T,0.997879
bauchi_3370,C3037T,3037,C,T,1.0
bauchi_3370,C3811T,3811,C,T,1.0
bauchi_3370,C3832-N,3832,C,-N,0.622068
bauchi_3370,C4158T,4158,C,T,0.997689
bauchi_3370,A6608G,6608,A,G,0.849188
bauchi_3370,C14408T,14408,C,T,0.997253
bauchi_3370,G18412A,18412,G,A,0.999567
bauchi_3370,C18877T,18877,C,T,0.999484
bauchi_3370,A21817-N,21817,A,-N,0.562232
bauchi_3370,C23114T,23114,C,T,0.997093
bauchi_3370,A23403G,23403,A,G,1.0
bauchi_3370,G25563T,25563,G,T,0.998737
bauchi_3370,C26142-N,26142,C,-N,0.515152
bauchi_3370,C26735T,26735,C,T,1.0
bauchi_3370,C27934T,27934,C,T,1.0
bauchi_3370,G28089-NNNNNN,28089,G,-NNNNNN,0.922993
bauchi_3370,A28095G,28095,A,G,1.0
bauchi_3370,A28911T,28911,A,T,0.89256
bauchi_4200,C241T,241,C,T,0.999498
bauchi_4200,C1426T,1426,C,T,0.998499
bauchi_4200,C3037T,3037,C,T,0.999839
bauchi_4200,G3251A,3251,G,A,0.99901
bauchi_4200,C3811T,3811,C,T,0.999874
bauchi_4200,A6608G,6608,A,G,0.998475
bauchi_4200,A7024T,7024,A,T,0.511628
bauchi_4200,T7767C,7767,T,C,0.772865
bauchi_4200,C10458T,10458,C,T,1.0
bauchi_4200,C12403T,12403,C,T,0.999391
bauchi_4200,C13536T,13536,C,T,0.675063
bauchi_4200,C14408T,14408,C,T,0.988453
bauchi_4200,C16376T,16376,C,T,0.998948
bauchi_4200,A18163G,18163,A,G,0.919014
bauchi_4200,C18877T,18877,C,T,0.998929
bauchi_4200,A19368-N,19368,A,-N,0.566589
bauchi_4200,A23403G,23403,A,G,0.999293
bauchi_4200,G25563T,25563,G,T,0.998538
bauchi_4200,C26577G,26577,C,G,0.582765
bauchi_4200,C26735T,26735,C,T,0.999147
bauchi_4200,A28911T,28911,A,T,0.999329
bauchi_4229,A27C,27,A,C,0.938776
bauchi_4229,C241T,241,C,T,1.0
bauchi_4229,C1426T,1426,C,T,0.998226
bauchi_4229,C3037T,3037,C,T,1.0
bauchi_4229,T3070C,3070,T,C,1.0
bauchi_4229,G3251A,3251,G,A,1.0
bauchi_4229,C3811T,3811,C,T,1.0
bauchi_4229,A6608G,6608,A,G,1.0
bauchi_4229,T7767C,7767,T,C,0.834197
bauchi_4229,C8208T,8208,C,T,0.894388
bauchi_4229,C10458T,10458,C,T,1.0
bauchi_4229,C12403T,12403,C,T,1.0
bauchi_4229,C13536T,13536,C,T,0.785304
bauchi_4229,C14408T,14408,C,T,0.998157
bauchi_4229,C16376T,16376,C,T,0.999606
bauchi_4229,A18163G,18163,A,G,0.869565
bauchi_4229,C18877T,18877,C,T,1.0
bauchi_4229,G20160A,20160,G,A,0.569767
bauchi_4229,A21817-N,21817,A,-N,0.522682
bauchi_4229,A23403G,23403,A,G,1.0
bauchi_4229,G25563T,25563,G,T,0.998898
bauchi_4229,C26735T,26735,C,T,1.0
bauchi_4229,A28911T,28911,A,T,0.999635
bauchi_4243,A27C,27,A,C,0.736842
bauchi_4243,C241T,241,C,T,0.999655
bauchi_4243,C1426T,1426,C,T,0.99922
bauchi_4243,C3037T,3037,C,T,0.999786
bauchi_4243,T3070C,3070,T,C,1.0
bauchi_4243,G3251A,3251,G,A,0.997458
bauchi_4243,C3811T,3811,C,T,0.999811
bauchi_4243,A6608G,6608,A,G,0.999895
bauchi_4243,T7767C,7767,T,C,0.811765
bauchi_4243,C10458T,10458,C,T,1.0
bauchi_4243,C12403T,12403,C,T,0.997644
bauchi_4243,C13536T,13536,C,T,0.758364
bauchi_4243,C14408T,14408,C,T,0.988319
bauchi_4243,C16376T,16376,C,T,0.998112
bauchi_4243,A18163G,18163,A,G,0.899796
bauchi_4243,C18877T,18877,C,T,0.999105
bauchi_4243,A21817-N,21817,A,-N,0.504561
bauchi_4243,A23403G,23403,A,G,0.999461
bauchi_4243,G25563T,25563,G,T,0.999269
bauchi_4243,C26142-N,26142,C,-N,0.591482
bauchi_4243,C26577G,26577,C,G,0.631579
bauchi_4243,C26735T,26735,C,T,1.0
bauchi_4243,A28911T,28911,A,T,0.999223
bauchi_4244,C241T,241,C,T,0.998806
bauchi_4244,C1426T,1426,C,T,0.995007
bauchi_4244,C3037T,3037,C,T,0.999082
bauchi_4244,G3251A,3251,G,A,0.996774
bauchi_4244,C3811T,3811,C,T,0.999876
bauchi_4244,A6608G,6608,A,G,0.960992
bauchi_4244,C7262T,7262,C,T,0.731112
bauchi_4244,C10458T,10458,C,T,0.999371
bauchi_4244,C12403T,12403,C,T,0.999323
bauchi_4244,C14408T,14408,C,T,0.996308
bauchi_4244,C16376T,16376,C,T,0.998654
bauchi_4244,C18877T,18877,C,T,0.999103
bauchi_4244,A23403G,23403,A,G,0.999438
bauchi_4244,G25563T,25563,G,T,0.998301
bauchi_4244,C26735T,26735,C,T,0.999679
bauchi_4244,A28911T,28911,A,T,0.999474
kaduna_0101,C241T,241,C,T,1.0
kaduna_0101,C3037T,3037,C,T,1.0
kaduna_0101,C3425T,3425,C,T,0.984848
kaduna_0101,C14408T,14408,C,T,0.981818
kaduna_0101,C17436T,17436,C,T,0.975221
kaduna_0101,C19170T,19170,C,T,0.988439
kaduna_0101,G19509A,19509,G,A,0.968641
kaduna_0101,A23403G,23403,A,G,1.0
kaduna_0101,G23587C,23587,G,C,0.982474
kaduna_0101,G28089-NNNNNN,28089,G,-NNNNNN,0.951311
kaduna_0101,G28881A,28881,G,A,0.995895
kaduna_0101,G28882A,28882,G,A,0.995802
kaduna_0101,G28883C,28883,G,C,0.994248
kaduna_0101,T29568C,29568,T,C,0.990942
kano_0103,C44T,44,C,T,0.976359
kano_0103,C241T,241,C,T,1.0
kano_0103,T670G,670,T,G,1.0
kano_0103,C897A,897,C,A,1.0
kano_0103,G1895A,1895,G,A,1.0
kano_0103,C2790T,2790,C,T,0.986207
kano_0103,C3037T,3037,C,T,1.0
kano_0103,G3431T,3431,G,T,1.0
kano_0103,T3565C,3565,T,C,0.90407
kano_0103,G4184A,4184,G,A,1.0
kano_0103,C4321T,4321,C,T,0.971545
kano_0103,C4586T,4586,C,T,0.998639
kano_0103,C5239T,5239,C,T,1.0
kano_0103,A6183G,6183,A,G,1.0
kano_0103,A7842G,7842,A,G,1.0
kano_0103,C7869T,7869,C,T,1.0
kano_0103,C8293T,8293,C,T,1.0
kano_0103,G8393A,8393,G,A,1.0
kano_0103,C8818T,8818,C,T,1.0
kano_0103,C9344T,9344,C,T,1.0
kano_0103,A9424G,9424,A,G,0.994012
kano_0103,C9592T,9592,C,T,1.0
kano_0103,C10029T,10029,C,T,1.0
kano_0103,C10198T,10198,C,T,1.0
kano_0103,G10447A,10447,G,A,1.0
kano_0103,C10449A,10449,C,A,1.0
kano_0103,G11042T,11042,G,T,1.0
kano_0103,G11287-NNNNNNNNN,11287,G,-NNNNNNNNN,0.988539
kano_0103,G11727A,11727,G,A,1.0
kano_0103,C12789T,12789,C,T,0.998941
kano_0103,C12815T,12815,C,T,1.0
kano_0103,C12880T,12880,C,T,1.0
kano_0103,G12892A,12892,G,A,1.0
kano_0103,T13339C,13339,T,C,1.0
kano_0103,A13683G,13683,A,G,0.997585
kano_0103,C14408T,14408,C,T,1.0
kano_0103,T15321C,15321,T,C,1.0
kano_0103,T15504C,15504,T,C,0.99872
kano_0103,C15660T,15660,C,T,1.0
kano_0103,C15714T,15714,C,T,0.996885
kano_0103,T15756A,15756,T,A,1.0
kano_0103,T16600C,16600,T,C,0.992908
kano_0103,C17410T,17410,C,T,1.0
kano_0103,A18163G,18163,A,G,1.0
kano_0103,A18492G,18492,A,G,0.951613
kano_0103,C18894T,18894,C,T,1.0
kano_0103,C19955T,19955,C,T,1.0
kano_0103,A20055G,20055,A,G,0.992771
kano_0103,T20286A,20286,T,A,0.98513
kano_0103,G21608+TCATGCCGCTGT,21608,G,+TCATGCCGCTGT,0.585714
kano_0103,C21618T,21618,C,T,1.0
kano_0103,C21622T,21622,C,T,1.0
kano_0103,G21624C,21624,G,C,1.0
kano_0103,C21627A,21627,C,A,1.0
kano_0103,T21632-NNNNNNNNN,21632,T,-NNNNNNNNN,1.0
kano_0103,T21653C,21653,T,C,1.0
kano_0103,C21711T,21711,C,T,1.0
kano_0103,A21764-NNNNNN,21764,A,-NNNNNN,0.995495
kano_0103,G21941T,21941,G,T,1.0
kano_0103,G21987A,21987,G,A,1.0
kano_0103,T21990-NNN,21990,T,-NNN,0.986348
kano_0103,T22032C,22032,T,C,0.99661
kano_0103,C22033A,22033,C,A,0.993243
kano_0103,A22034G,22034,A,G,0.993197
kano_0103,A22107G,22107,A,G,1.0
kano_0103,G22132T,22132,G,T,0.995885
kano_0103,A22193-NNN,22193,A,-NNN,0.978723
kano_0103,T22200G,22200,T,G,1.0
kano_0103,C22208T,22208,C,T,1.0
kano_0103,C22295A,22295,C,A,1.0
kano_0103,C22353A,22353,C,A,1.0
kano_0103,A22556G,22556,A,G,1.0
kano_0103,G22577C,22577,G,C,1.0
kano_0103,G22578A,22578,G,A,1.0
kano_0103,G22599C,22599,G,C,1.0
kano_0103,A22629C,22629,A,C,1.0
kano_0103,C22674T,22674,C,T,1.0
kano_0103,T22679C,22679,T,C,0.992248
kano_0103,C22686T,22686,C,T,0.808511
kano_0103,A22688G,22688,A,G,0.854545
kano_0103,G22770A,22770,G,A,1.0
kano_0103,G22775A,22775,G,A,1.0
kano_0103,A22786C,22786,A,C,1.0
kano_0103,C22792T,22792,C,T,1.0
kano_0103,G22813T,22813,G,T,1.0
kano_0103,T22882G,22882,T,G,1.0
kano_0103,T22884G,22884,T,G,1.0
kano_0103,A22893G,22893,A,G,1.0
kano_0103,G22895C,22895,G,C,1.0
kano_0103,T22896C,22896,T,C,1.0
kano_0103,G22898A,22898,G,A,1.0
kano_0103,A22910G,22910,A,G,1.0
kano_0103,C22916T,22916,C,T,0.998264
kano_0103,T22917G,22917,T,G,1.0
kano_0103,T22926C,22926,T,C,1.0
kano_0103,T22928C,22928,T,C,1.0
kano_0103,T22942A,22942,T,A,0.998299
kano_0103,C22986T,22986,C,T,1.0
kano_0103,G22992A,22992,G,A,1.0
kano_0103,C22993T,22993,C,T,1.0
kano_0103,C22995A,22995,C,A,1.0
kano_0103,T23005A,23005,T,A,1.0
kano_0103,G23007-NNN,23007,G,-NNN,0.992147
kano_0103,G23012A,23012,G,A,1.0
kano_0103,T23018C,23018,T,C,1.0
kano_0103,T23019C,23019,T,C,1.0
kano_0103,A23055G,23055,A,G,0.986111
kano_0103,T23075C,23075,T,C,0.8
kano_0103,G23222A,23222,G,A,1.0
kano_0103,C23271T,23271,C,T,0.998077
kano_0103,A23403G,23403,A,G,1.0
kano_0103,C23423T,23423,C,T,1.0
kano_0103,C23525T,23525,C,T,1.0
kano_0103,T23599G,23599,T,G,1.0
kano_0103,C23604G,23604,C,G,0.999106
kano_0103,C23854A,23854,C,A,1.0
kano_0103,G23948T,23948,G,T,1.0
kano_0103,C24378T,24378,C,T,1.0
kano_0103,A24424T,24424,A,T,1.0
kano_0103,T24469A,24469,T,A,0.998062
kano_0103,C24990T,24990,C,T,1.0
kano_0103,C25000T,25000,C,T,1.0
kano_0103,C25207T,25207,C,T,1.0
kano_0103,G25523A,25523,G,A,0.998912
kano_0103,C25584T,25584,C,T,0.996855
kano_0103,C26060T,26060,C,T,1.0
kano_0103,C26270T,26270,C,T,1.0
kano_0103,G26529C,26529,G,C,0.994565
kano_0103,C26577G,26577,C,G,0.992908
kano_0103,A26610G,26610,A,G,0.816794
kano_0103,C26681T,26681,C,T,1.0
kano_0103,G26709A,26709,G,A,1.0
kano_0103,C26833T,26833,C,T,1.0
kano_0103,A27259C,27259,A,C,1.0
kano_0103,G27382C,27382,G,C,1.0
kano_0103,A27383T,27383,A,T,1.0
kano_0103,T27384C,27384,T,C,1.0
kano_0103,C27807T,27807,C,T,0.998285
kano_0103,T27810C,27810,T,C,1.0
kano_0103,A28271T,28271,A,T,1.0
kano_0103,T28297C,28297,T,C,1.0
kano_0103,C28311T,28311,C,T,0.99872
kano_0103,G28361-NNNNNNNNN,28361,G,-NNNNNNNNN,0.992857
kano_0103,G28881A,28881,G,A,1.0
kano_0103,G28882A,28882,G,A,1.0
kano_0103,G28883C,28883,G,C,1.0
kano_0103,C28958A,28958,C,A,1.0
kano_0103,A29510C,29510,A,C,1.0
kano_0103,C29733-NNNNNNNNNNNNNNNNNNNNNNNNNN,29733,C,-NNNNNNNNNNNNNNNNNNNNNNNNNN,0.929825
kano_0104,C44T,44,C,T,0.971154
kano_0104,C241T,241,C,T,1.0
kano_0104,T670G,670,T,G,0.991525
kano_0104,C897A,897,C,A,1.0
kano_0104,G1895A,1895,G,A,1.0
kano_0104,C2790T,2790,C,T,1.0
kano_0104,C3037T,3037,C,T,1.0
kano_0104,G3431T,3431,G,T,1.0
kano_0104,T3565C,3565,T,C,0.78
kano_0104,G4184A,4184,G,A,1.0
kano_0104,C4321T,4321,C,T,0.925
kano_0104,C4586T,4586,C,T,1.0
kano_0104,C5239T,5239,C,T,1.0
kano_0104,A6183G,6183,A,G,1.0
kano_0104,A7842G,7842,A,G,0.981132
kano_0104,C7869T,7869,C,T,1.0
kano_0104,C8293T,8293,C,T,1.0
kano_0104,G8393A,8393,G,A,1.0
kano_0104,C8818T,8818,C,T,1.0
kano_0104,C9344T,9344,C,T,1.0
kano_0104,A9424G,9424,A,G,1.0
kano_0104,C9592T,9592,C,T,1.0
kano_0104,C10029T,10029,C,T,1.0
kano_0104,C10198T,10198,C,T,1.0
kano_0104,G10447A,10447,G,A,1.0
kano_0104,C10449A,10449,C,A,1.0
kano_0104,G11042T,11042,G,T,1.0
kano_0104,G11287-NNNNNNNNN,11287,G,-NNNNNNNNN,1.0
kano_0104,G11727A,11727,G,A,1.0
kano_0104,C12789T,12789,C,T,0.997067
kano_0104,C12815T,12815,C,T,1.0
kano_0104,C12880T,12880,C,T,1.0
kano_0104,G12892A,12892,G,A,1.0
kano_0104,T13339C,13339,T,C,1.0
kano_0104,C14408T,14408,C,T,1.0
kano_0104,T15528C,15528,T,C,1.0
kano_0104,C15660T,15660,C,T,1.0
kano_0104,C15714T,15714,C,T,1.0
kano_0104,T15756A,15756,T,A,1.0
kano_0104,T16600C,16600,T,C,1.0
kano_0104,C17410T,17410,C,T,1.0
kano_0104,A18163G,18163,A,G,1.0
kano_0104,A18492G,18492,A,G,0.944444
kano_0104,C18894T,18894,C,T,0.995283
kano_0104,C19955T,19955,C,T,1.0
kano_0104,A20055G,20055,A,G,0.993976
kano_0104,T21653C,21653,T,C,1.0
kano_0104,C21711T,21711,C,T,1.0
kano_0104,A21764-NNNNNN,21764,A,-NNNNNN,1.0
kano_0104,G21941T,21941,G,T,1.0
kano_0104,G21987A,21987,G,A,1.0
kano_0104,T21990-NNN,21990,T,-NNN,1.0
kano_0104,T22032C,22032,T,C,0.97619
kano_0104,C22033A,22033,C,A,0.97619
kano_0104,A22034G,22034,A,G,0.97619
kano_0104,A22107G,22107,A,G,1.0
kano_0104,G22132T,22132,G,T,1.0
kano_0104,A22193-NNN,22193,A,-NNN,0.972603
kano_0104,T22200G,22200,T,G,1.0
kano_0104,C22208T,22208,C,T,1.0
kano_0104,C22295A,22295,C,A,1.0
kano_0104,C22353A,22353,C,A,1.0
kano_0104,A22556G,22556,A,G,1.0
kano_0104,G22577C,22577,G,C,1.0
kano_0104,G22578A,22578,G,A,1.0
kano_0104,G22599C,22599,G,C,1.0
kano_0104,A22629C,22629,A,C,1.0
kano_0104,C22674T,22674,C,T,1.0
kano_0104,T22679C,22679,T,C,1.0
kano_0104,C22686T,22686,C,T,0.666667
kano_0104,A22688G,22688,A,G,0.928571
kano_0104,G22770A,22770,G,A,1.0
kano_0104,A22786C,22786,A,C,1.0
kano_0104,C22792T,22792,C,T,1.0
kano_0104,G22813T,22813,G,T,1.0
kano_0104,A22910G,22910,A,G,1.0
kano_0104,C22916T,22916,C,T,1.0
kano_0104,T22917G,22917,T,G,1.0
kano_0104,T22926C,22926,T,C,1.0
kano_0104,T22928C,22928,T,C,1.0
kano_0104,T22942A,22942,T,A,0.995851
kano_0104,C22986T,22986,C,T,1.0
kano_0104,G22992A,22992,G,A,1.0
kano_0104,C22993T,22993,C,T,1.0
kano_0104,C22995A,22995,C,A,1.0
kano_0104,T23005A,23005,T,A,1.0
kano_0104,G23007-NNN,23007,G,-NNN,0.986111
kano_0104,G23012A,23012,G,A,1.0
kano_0104,T23018C,23018,T,C,1.0
kano_0104,T23019C,23019,T,C,0.993007
kano_0104,A23055G,23055,A,G,1.0
kano_0104,G23222A,23222,G,A,1.0
kano_0104,C23271T,23271,C,T,1.0
kano_0104,A23403G,23403,A,G,1.0
kano_0104,C23423T,23423,C,T,1.0
kano_0104,C23525T,23525,C,T,1.0
kano_0104,T23599G,23599,T,G,1.0
kano_0104,C23604G,23604,C,G,0.992978
kano_0104,C23854A,23854,C,A,1.0
kano_0104,G23948T,23948,G,T,1.0
kano_0104,C24378T,24378,C,T,1.0
kano_0104,A24424T,24424,A,T,1.0
kano_0104,T24469A,24469,T,A,1.0
kano_0104,C24990T,24990,C,T,1.0
kano_0104,C25000T,25000,C,T,1.0
kano_0104,C25207T,25207,C,T,1.0
kano_0104,G25523A,25523,G,A,0.997967
kano_0104,C25584T,25584,C,T,1.0
kano_0104,C26060T,26060,C,T,1.0
kano_0104,C26270T,26270,C,T,1.0
kano_0104,G26529C,26529,G,C,1.0
kano_0104,C26577G,26577,C,G,0.96875
kano_0104,A26610G,26610,A,G,0.94
kano_0104,C26681T,26681,C,T,1.0
kano_0104,G26709A,26709,G,A,1.0
kano_0104,C26833T,26833,C,T,1.0
kano_0104,A27259C,27259,A,C,1.0
kano_0104,G27382C,27382,G,C,1.0
kano_0104,A27383T,27383,A,T,1.0
kano_0104,T27384C,27384,T,C,1.0
kano_0104,C27807T,27807,C,T,1.0
kano_0104,T27810C,27810,T,C,1.0
kano_0104,A28271T,28271,A,T,1.0
kano_0104,T28297C,28297,T,C,1.0
kano_0104,C28311T,28311,C,T,1.0
kano_0104,G28361-NNNNNNNNN,28361,G,-NNNNNNNNN,0.975
kano_0104,G28881A,28881,G,A,1.0
kano_0104,G28882A,28882,G,A,1.0
kano_0104,G28883C,28883,G,C,1.0
kano_0104,C28958A,28958,C,A,1.0
kano_0104,A29510C,29510,A,C,1.0
kano_0104,C29733-NNNNNNNNNNNNNNNNNNNNNNNNNN,29733,C,-NNNNNNNNNNNNNNNNNNNNNNNNNN,0.956522
kano_0105,C44T,44,C,T,0.939759
kano_0105,C241T,241,C,T,1.0
kano_0105,C421G,421,C,G,1.0
kano_0105,T670G,670,T,G,1.0
kano_0105,C897A,897,C,A,1.0
kano_0105,G1895A,1895,G,A,1.0
kano_0105,C2790T,2790,C,T,1.0
kano_0105,C3037T,3037,C,T,1.0
kano_0105,G3431T,3431,G,T,1.0
kano_0105,T3565C,3565,T,C,0.926829
kano_0105,G4184A,4184,G,A,1.0
kano_0105,C4321T,4321,C,T,1.0
kano_0105,C4586T,4586,C,T,1.0
kano_0105,C5239T,5239,C,T,1.0
kano_0105,A6183G,6183,A,G,1.0
kano_0105,A7842G,7842,A,G,1.0
kano_0105,C7869T,7869,C,T,1.0
kano_0105,C8293T,8293,C,T,1.0
kano_0105,G8393A,8393,G,A,1.0
kano_0105,C8818T,8818,C,T,1.0
kano_0105,C9344T,9344,C,T,1.0
kano_0105,A9424G,9424,A,G,0.97561
kano_0105,C9592T,9592,C,T,1.0
kano_0105,C10029T,10029,C,T,1.0
kano_0105,C10198T,10198,C,T,1.0
kano_0105,C10228T,10228,C,T,1.0
kano_0105,G10447A,10447,G,A,1.0
kano_0105,C10449A,10449,C,A,1.0
kano_0105,G11042T,11042,G,T,1.0
kano_0105,G11287-NNNNNNNNN,11287,G,-NNNNNNNNN,0.963235
kano_0105,G11727A,11727,G,A,1.0
kano_0105,C12789T,12789,C,T,0.993902
kano_0105,C12815T,12815,C,T,1.0
kano_0105,C12880T,12880,C,T,1.0
kano_0105,G12892A,12892,G,A,1.0
kano_0105,T13339C,13339,T,C,0.974026
kano_0105,C14408T,14408,C,T,1.0
kano_0105,T15528C,15528,T,C,1.0
kano_0105,C15660T,15660,C,T,1.0
kano_0105,C15714T,15714,C,T,1.0
kano_0105,T16600C,16600,T,C,1.0
kano_0105,C17410T,17410,C,T,1.0
kano_0105,A18163G,18163,A,G,1.0
kano_0105,A18492G,18492,A,G,1.0
kano_0105,C18894T,18894,C,T,1.0
kano_0105,C19955T,19955,C,T,1.0
kano_0105,A20055G,20055,A,G,1.0
kano_0105,G21265+T,21265,G,+T,0.605263
kano_0105,T21653C,21653,T,C,1.0
kano_0105,C21711T,21711,C,T,1.0
kano_0105,A21764-NNNNNN,21764,A,-NNNNNN,1.0
kano_0105,G21941T,21941,G,T,1.0
kano_0105,G21987A,21987,G,A,1.0
kano_0105,T21990-NNN,21990,T,-NNN,0.957447
kano_0105,T22032C,22032,T,C,1.0
kano_0105,C22033A,22033,C,A,1.0
kano_0105,A22034G,22034,A,G,1.0
kano_0105,A22107G,22107,A,G,1.0
kano_0105,G22132T,22132,G,T,1.0
kano_0105,A22193-NNN,22193,A,-NNN,1.0
kano_0105,T22200G,22200,T,G,1.0
kano_0105,C22208T,22208,C,T,1.0
kano_0105,C22295A,22295,C,A,1.0
kano_0105,C22353A,22353,C,A,1.0
kano_0105,A22556G,22556,A,G,1.0
kano_0105,G22577C,22577,G,C,1.0
kano_0105,G22578A,22578,G,A,1.0
kano_0105,G22599C,22599,G,C,1.0
kano_0105,A22629C,22629,A,C,1.0
kano_0105,C22674T,22674,C,T,1.0
kano_0105,T22679C,22679,T,C,1.0
kano_0105,C22686T,22686,C,T,0.636364
kano_0105,A22688G,22688,A,G,0.909091
kano_0105,G22770A,22770,G,A,1.0
kano_0105,G22775A,22775,G,A,1.0
kano_0105,A22786C,22786,A,C,1.0
kano_0105,C22792T,22792,C,T,1.0
kano_0105,G22813T,22813,G,T,1.0
kano_0105,A22910G,22910,A,G,1.0
kano_0105,C22916T,22916,C,T,0.99
kano_0105,T22917G,22917,T,G,1.0
kano_0105,T22926C,22926,T,C,1.0
kano_0105,T22928C,22928,T,C,1.0
kano_0105,T22942A,22942,T,A,1.0
kano_0105,C22986T,22986,C,T,1.0
kano_0105,G22992A,22992,G,A,1.0
kano_0105,C22993T,22993,C,T,1.0
kano_0105,C22995A,22995,C,A,1.0
kano_0105,T23005A,23005,T,A,0.985075
kano_0105,G23007-NNN,23007,G,-NNN,1.0
kano_0105,G23012A,23012,G,A,1.0
kano_0105,T23018C,23018,T,C,1.0
kano_0105,T23019C,23019,T,C,1.0
kano_0105,A23055G,23055,A,G,1.0
kano_0105,G23222A,23222,G,A,1.0
kano_0105,C23271T,23271,C,T,1.0
kano_0105,A23403G,23403,A,G,1.0
kano_0105,C23423T,23423,C,T,1.0
kano_0105,C23525T,23525,C,T,1.0
kano_0105,T23599G,23599,T,G,1.0
kano_0105,C23604G,23604,C,G,1.0
kano_0105,C23854A,23854,C,A,1.0
kano_0105,G23948T,23948,G,T,1.0
kano_0105,A24424T,24424,A,T,1.0
kano_0105,T24469A,24469,T,A,1.0
kano_0105,C24990T,24990,C,T,0.970588
kano_0105,C25000T,25000,C,T,1.0
kano_0105,C25207T,25207,C,T,1.0
kano_0105,G25523A,25523,G,A,1.0
kano_0105,C25584T,25584,C,T,1.0
kano_0105,C26060T,26060,C,T,1.0
kano_0105,C26270T,26270,C,T,1.0
kano_0105,G26529C,26529,G,C,1.0
kano_0105,C26577G,26577,C,G,1.0
kano_0105,A26610G,26610,A,G,0.85
kano_0105,C26681T,26681,C,T,1.0
kano_0105,G26709A,26709,G,A,1.0
kano_0105,C26833T,26833,C,T,1.0
kano_0105,A27259C,27259,A,C,1.0
kano_0105,G27382C,27382,G,C,1.0
kano_0105,A27383T,27383,A,T,1.0
kano_0105,T27384C,27384,T,C,1.0
kano_0105,C27807T,27807,C,T,1.0
kano_0105,T27810C,27810,T,C,0.980952
kano_0105,A28271T,28271,A,T,1.0
kano_0105,T28297C,28297,T,C,1.0
kano_0105,C28311T,28311,C,T,1.0
kano_0105,G28361-NNNNNNNNN,28361,G,-NNNNNNNNN,0.96
kano_0105,G28881A,28881,G,A,1.0
kano_0105,G28882A,28882,G,A,0.989011
kano_0105,G28883C,28883,G,C,0.98913
kano_0105,C28958A,28958,C,A,1.0
kano_0105,A29510C,29510,A,C,1.0
kano_0105,C29733-NNNNNNNNNNNNNNNNNNNNNNNNNN,29733,C,-NNNNNNNNNNNNNNNNNNNNNNNNNN,1.0
