sample,A27C,C44T,C207T,C241T,A291T,C421G,T670G,C897A,C1426T,G1895A,C2790T,C3037T,T3070C,G3251A,C3425T,G3431T,T3565C,C3811T,C3832-N,C4158T,G4184A,C4321T,C4543T,C4586T,C5239T,A6183G,A6608G,A7024T,C7262T,T7767C,A7842G,C7869T,G8179T,C8208T,C8293T,G8393A,C8481T,C8818T,C9344T,A9424G,A9453C,C9592T,C10029T,C10198T,C10228T,G10447A,C10449A,C10458T,G11042T,G11287-NNNNNNNNN,C11565T,G11727A,C12403T,C12789T,C12815T,C12880T,G12892A,T13339C,C13536T,A13683G,C14408T,T15321C,T15504C,T15528C,C15660T,C15714T,T15756A,C16376T,T16600C,C17410T,C17436T,A18163G,G18412A,A18492G,C18877T,C18894T,C19170T,C19269T,A19368-N,G19509A,C19955T,A20055G,G20160A,T20286A,A21127G,G21265+T,G21608+TCATGCCGCTGT,C21618T,C21622T,G21624C,C21627A,T21632-NNNNNNNNN,T21653C,C21711T,A21764-NNNNNN,A21817-N,G21941T,G21987A,T21990-NNN,T22032C,C22033A,A22034G,A22107G,G22132T,A22193-NNN,T22200G,C22208T,C22295A,C22353A,A22556G,G22577C,G22578A,G22599C,A22629C,C22674T,T22679C,C22686T,A22688G,G22770A,G22775A,A22786C,C22792T,G22813T,T22882G,T22884G,A22893G,G22895C,T22896C,G22898A,A22910G,C22916T,T22917G,T22926C,T22928C,T22942A,C22986T,G22992A,C22993T,C22995A,T23005A,G23007-NNN,G23012A,T23018C,T23019C,A23055G,T23075C,C23114T,G23222A,C23271T,A23403G,C23423T,C23525T,G23587C,T23599G,C23604G,A23669G,C23854A,G23948T,C24378T,A24424T,T24469A,C24990T,C25000T,A25026T,C25207T,G25244T,C25355A,G25523A,G25563T,C25584T,C26060T,C26078T,C26142-N,C26270T,G26529C,C26577G,A26610G,C26681T,G26709A,C26735T,C26833T,A26927G,A27259C,G27382C,A27383T,T27384C,C27807T,T27810C,C27934T,G28089-NNNNNN,A28095G,A28271T,T28297C,C28311T,G28361-NNNNNNNNN,G28881A,G28882A,G28883C,A28911T,C28958A,A29510C,T29568C,C29733-NNNNNNNNNNNNNNNNNNNNNNNNNN,G29755-NNNNNNN,T29760A
bauchi_1586,0.0,0.0,0.999488,1.0,0.838509,0.0,0.0,0.0,0.0,0.0,0.0,0.999722,1.0,0.0,0.0,0.0,0.0,0.0,0.0,0.0,0.0,0.0,0.997766,0.0,0.0,0.0,0.0,0.725,0.0,0.816749,0.0,0.0,0.998576,0.0,0.0,0.0,0.9627,0.0,0.0,0.0,0.998549,0.0,0.0,0.0,0.0,0.0,0.0,0.0,0.0,0.0,0.996957,0.0,0.0,0.0,0.0,0.0,0.0,0.0,0.807512,0.0,0.994455,0.0,0.0,0.0,0.0,0.0,0.0,0.0,0.0,0.0,0.0,0.937143,0.0,0.0,0.0,0.0,0.0,0.999532,0.0,0.998607,0.0,0.0,0.0,0.0,0.999593,0.0,0.0,0.0,0.0,0.0,0.0,0.0,0.0,0.0,0.0,0.0,0.0,0.0,0.0,0.0,0.0,0.0,0.0,0.0,0.0,0.0,0.0,0.0,0.0,0.0,0.0,0.0,0.0,0.0,0.0,0.0,0.0,0.0,0.0,0.0,0.0,0.0,0.0,0.0,0.0,0.0,0.0,0.0,0.0,0.0,0.0,0.999685,0.0,0.0,0.0,0.0,0.0,0.0,0.0,0.0,0.0,0.0,0.0,0.0,0.0,0.0,0.0,0.0,0.0,0.999216,0.0,0.0,0.0,0.0,0.0,0.818182,0.0,0.0,0.0,0.0,0.0,0.0,0.0,1.0,0.0,0.999842,0.7,0.0,0.0,1.0,0.0,0.500583,0.0,0.0,0.0,0.564165,0.0,0.0,0.0,0.0,0.0,0.999789,0.0,0.0,0.0,0.0,0.0,0.0,0.0,0.0,0.0,0.0,0.0,0.0,0.0,0.998764,0.997805,0.998359,0.0,0.0,0.0,0.0,0.0,0.986205,1.0
bauchi_3370,0.0,0.0,0.0,0.997879,0.0,0.0,0.0,0.0,0.0,0.0,0.0,1.0,0.0,0.0,0.0,0.0,0.0,1.0,0.622068,0.997689,0.0,0.0,0.0,0.0,0.0,0.0,0.849188,0.0,0.0,0.0,0.0,0.0,0.0,0.0,0.0,0.0,0.0,0.0,0.0,0.0,0.0,0.0,0.0,0.0,0.0,0.0,0.0,0.0,0.0,0.0,0.0,0.0,0.0,0.0,0.0,0.0,0.0,0.0,0.0,0.0,0.997253,0.0,0.0,0.0,0.0,0.0,0.0,0.0,0.0,0.0,0.0,0.0,0.999567,0.0,0.999484,0.0,0.0,0.0,0.0,0.0,0.0,0.0,0.0,0.0,0.0,0.0,0.0,0.0,0.0,0.0,0.0,0.0,0.0,0.0,0.0,0.562232,0.0,0.0,0.0,0.0,0.0,0.0,0.0,0.0,0.0,0.0,0.0,0.0,0.0,0.0,0.0,0.0,0.0,0.0,0.0,0.0,0.0,0.0,0.0,0.0,0.0,0.0,0.0,0.0,0.0,0.0,0.0,0.0,0.0,0.0,0.0,0.0,0.0,0.0,0.0,0.0,0.0,0.0,0.0,0.0,0.0,0.0,0.0,0.0,0.0,0.0,0.997093,0.0,0.0,1.0,0.0,0.0,0.0,0.0,0.0,0.0,0.0,0.0,0.0,0.0,0.0,0.0,0.0,0.0,0.0,0.0,0.0,0.0,0.998737,0.0,0.0,0.0,0.515152,0.0,0.0,0.0,0.0,0.0,0.0,1.0,0.0,0.0,0.0,0.0,0.0,0.0,0.0,0.0,1.0,0.922993,1.0,0.0,0.0,0.0,0.0,0.0,0.0,0.0,0.89256,0.0,0.0,0.0,0.0,0.0,0.0
bauchi_4200,0.0,0.0,0.0,0.999498,0.0,0.0,0.0,0.0,0.998499,0.0,0.0,0.999839,0.0,0.99901,0.0,0.0,0.0,0.999874,0.0,0.0,0.0,0.0,0.0,0.0,0.0,0.0,0.998475,0.511628,0.0,0.772865,0.0,0.0,0.0,0.0,0.0,0.0,0.0,0.0,0.0,0.0,0.0,0.0,0.0,0.0,0.0,0.0,0.0,1.0,0.0,0.0,0.0,0.0,0.999391,0.0,0.0,0.0,0.0,0.0,0.675063,0.0,0.988453,0.0,0.0,0.0,0.0,0.0,0.0,0.998948,0.0,0.0,0.0,0.919014,0.0,0.0,0.998929,0.0,0.0,0.0,0.566589,0.0,0.0,0.0,0.0,0.0,0.0,0.0,0.0,0.0,0.0,0.0,0.0,0.0,0.0,0.0,0.0,0.0,0.0,0.0,0.0,0.0,0.0,0.0,0.0,0.0,0.0,0.0,0.0,0.0,0.0,0.0,0.0,0.0,0.0,0.0,0.0,0.0,0.0,0.0,0.0,0.0,0.0,0.0,0.0,0.0,0.0,0.0,0.0,0.0,0.0,0.0,0.0,0.0,0.0,0.0,0.0,0.0,0.0,0.0,0.0,0.0,0.0,0.0,0.0,0.0,0.0,0.0,0.0,0.0,0.0,0.999293,0.0,0.0,0.0,0.0,0.0,0.0,0.0,0.0,0.0,0.0,0.0,0.0,0.0,0.0,0.0,0.0,0.0,0.0,0.998538,0.0,0.0,0.0,0.0,0.0,0.0,0.582765,0.0,0.0,0.0,0.999147,0.0,0.0,0.0,0.0,0.0,0.0,0.0,0.0,0.0,0.0,0.0,0.0,0.0,0.0,0.0,0.0,0.0,0.0,0.999329,0.0,0.0,0.0,0.0,0.0,0.0
bauchi_4229,0.938776,0.0,0.0,1.0,0.0,0.0,0.0,0.0,0.998226,0.0,0.0,1.0,1.0,1.0,0.0,0.0,0.0,1.0,0.0,0.0,0.0,0.0,0.0,0.0,0.0,0.0,1.0,0.0,0.0,0.834197,0.0,0.0,0.0,0.894388,0.0,0.0,0.0,0.0,0.0,0.0,0.0,0.0,0.0,0.0,0.0,0.0,0.0,1.0,0.0,0.0,0.0,0.0,1.0,0.0,0.0,0.0,0.0,0.0,0.785304,0.0,0.998157,0.0,0.0,0.0,0.0,0.0,0.0,0.999606,0.0,0.0,0.0,0.869565,0.0,0.0,1.0,0.0,0.0,0.0,0.0,0.0,0.0,0.0,0.569767,0.0,0.0,0.0,0.0,0.0,0.0,0.0,0.0,0.0,0.0,0.0,0.0,0.522682,0.0,0.0,0.0,0.0,0.0,0.0,0.0,0.0,0.0,0.0,0.0,0.0,0.0,0.0,0.0,0.0,0.0,0.0,0.0,0.0,0.0,0.0,0.0,0.0,0.0,0.0,0.0,0.0,0.0,0.0,0.0,0.0,0.0,0.0,0.0,0.0,0.0,0.0,0.0,0.0,0.0,0.0,0.0,0.0,0.0,0.0,0.0,0.0,0.0,0.0,0.0,0.0,0.0,1.0,0.0,0.0,0.0,0.0,0.0,0.0,0.0,0.0,0.0,0.0,0.0,0.0,0.0,0.0,0.0,0.0,0.0,0.0,0.998898,0.0,0.0,0.0,0.0,0.0,0.0,0.0,0.0,0.0,0.0,1.0,0.0,0.0,0.0,0.0,0.0,0.0,0.0,0.0,0.0,0.0,0.0,0.0,0.0,0.0,0.0,0.0,0.0,0.0,0.999635,0.0,0.0,0.0,0.0,0.0,0.0
bauchi_4243,0.736842,0.0,0.0,0.999655,0.0,0.0,0.0,0.0,0.99922,0.0,0.0,0.999786,1.0,0.997458,0.0,0.0,0.0,0.999811,0.0,0.0,0.0,0.0,0.0,0.0,0.0,0.0,0.999895,0.0,0.0,0.811765,0.0,0.0,0.0,0.0,0.0,0.0,0.0,0.0,0.0,0.0,0.0,0.0,0.0,0.0,0.0,0.0,0.0,1.0,0.0,0.0,0.0,0.0,0.997644,0.0,0.0,0.0,0.0,0.0,0.758364,0.0,0.988319,0.0,0.0,0.0,0.0,0.0,0.0,0.998112,0.0,0.0,0.0,0.899796,0.0,0.0,0.999105,0.0,0.0,0.0,0.0,0.0,0.0,0.0,0.0,0.0,0.0,0.0,0.0,0.0,0.0,0.0,0.0,0.0,0.0,0.0,0.0,0.504561,0.0,0.0,0.0,0.0,0.0,0.0,0.0,0.0,0.0,0.0,0.0,0.0,0.0,0.0,0.0,0.0,0.0,0.0,0.0,0.0,0.0,0.0,0.0,0.0,0.0,0.0,0.0,0.0,0.0,0.0,0.0,0.0,0.0,0.0,0.0,0.0,0.0,0.0,0.0,0.0,0.0,0.0,0.0,0.0,0.0,0.0,0.0,0.0,0.0,0.0,0.0,0.0,0.0,0.999461,0.0,0.0,0.0,0.0,0.0,0.0,0.0,0.0,0.0,0.0,0.0,0.0,0.0,0.0,0.0,0.0,0.0,0.0,0.999269,0.0,0.0,0.0,0.591482,0.0,0.0,0.631579,0.0,0.0,0.0,1.0,0.0,0.0,0.0,0.0,0.0,0.0,0.0,0.0,0.0,0.0,0.0,0.0,0.0,0.0,0.0,0.0,0.0,0.0,0.999223,0.0,0.0,0.0,0.0,0.0,0.0
bauchi_4244,0.0,0.0,0.0,0.998806,0.0,0.0,0.0,0.0,0.995007,0.0,0.0,0.999082,0.0,0.996774,0.0,0.0,0.0,0.999876,0.0,0.0,0.0,0.0,0.0,0.0,0.0,0.0,0.960992,0.0,0.731112,0.0,0.0,0.0,0.0,0.0,0.0,0.0,0.0,0.0,0.0,0.0,0.0,0.0,0.0,0.0,0.0,0.0,0.0,0.999371,0.0,0.0,0.0,0.0,0.999323,0.0,0.0,0.0,0.0,0.0,0.0,0.0,0.996308,0.0,0.0,0.0,0.0,0.0,0.0,0.998654,0.0,0.0,0.0,0.0,0.0,0.0,0.999103,0.0,0.0,0.0,0.0,0.0,0.0,0.0,0.0,0.0,0.0,0.0,0.0,0.0,0.0,0.0,0.0,0.0,0.0,0.0,0.0,0.0,0.0,0.0,0.0,0.0,0.0,0.0,0.0,0.0,0.0,0.0,0.0,0.0,0.0,0.0,0.0,0.0,0.0,0.0,0.0,0.0,0.0,0.0,0.0,0.0,0.0,0.0,0.0,0.0,0.0,0.0,0.0,0.0,0.0,0.0,0.0,0.0,0.0,0.0,0.0,0.0,0.0,0.0,0.0,0.0,0.0,0.0,0.0,0.0,0.0,0.0,0.0,0.0,0.0,0.999438,0.0,0.0,0.0,0.0,0.0,0.0,0.0,0.0,0.0,0.0,0.0,0.0,0.0,0.0,0.0,0.0,0.0,0.0,0.998301,0.0,0.0,0.0,0.0,0.0,0.0,0.0,0.0,0.0,0.0,0.999679,0.0,0.0,0.0,0.0,0.0,0.0,0.0,0.0,0.0,0.0,0.0,0.0,0.0,0.0,0.0,0.0,0.0,0.0,0.999474,0.0,0.0,0.0,0.0,0.0,0.0
kaduna_0101,0.0,0.0,0.0,1.0,0.0,0.0,0.0,0.0,0.0,0.0,0.0,1.0,0.0,0.0,0.984848,0.0,0.0,0.0,0.0,0.0,0.0,0.0,0.0,0.0,0.0,0.0,0.0,0.0,0.0,0.0,0.0,0.0,0.0,0.0,0.0,0.0,0.0,0.0,0.0,0.0,0.0,0.0,0.0,0.0,0.0,0.0,0.0,0.0,0.0,0.0,0.0,0.0,0.0,0.0,0.0,0.0,0.0,0.0,0.0,0.0,0.981818,0.0,0.0,0.0,0.0,0.0,0.0,0.0,0.0,0.0,0.975221,0.0,0.0,0.0,0.0,0.0,0.988439,0.0,0.0,0.968641,0.0,0.0,0.0,0.0,0.0,0.0,0.0,0.0,0.0,0.0,0.0,0.0,0.0,0.0,0.0,0.0,0.0,0.0,0.0,0.0,0.0,0.0,0.0,0.0,0.0,0.0,0.0,0.0,0.0,0.0,0.0,0.0,0.0,0.0,0.0,0.0,0.0,0.0,0.0,0.0,0.0,0.0,0.0,0.0,0.0,0.0,0.0,0.0,0.0,0.0,0.0,0.0,0.0,0.0,0.0,0.0,0.0,0.0,0.0,0.0,0.0,0.0,0.0,0.0,0.0,0.0,0.0,0.0,0.0,1.0,0.0,0.0,0.982474,0.0,0.0,0.0,0.0,0.0,0.0,0.0,0.0,0.0,0.0,0.0,0.0,0.0,0.0,0.0,0.0,0.0,0.0,0.0,0.0,0.0,0.0,0.0,0.0,0.0,0.0,0.0,0.0,0.0,0.0,0.0,0.0,0.0,0.0,0.0,0.0,0.951311,0.0,0.0,0.0,0.0,0.0,0.995895,0.995802,0.994248,0.0,0.0,0.0,0.990942,0.0,0.0,0.0
kano_0103,0.0,0.976359,0.0,1.0,0.0,0.0,1.0,1.0,0.0,1.0,0.986207,1.0,0.0,0.0,0.0,1.0,0.90407,0.0,0.0,0.0,1.0,0.971545,0.0,0.998639,1.0,1.0,0.0,0.0,0.0,0.0,1.0,1.0,0.0,0.0,1.0,1.0,0.0,1.0,1.0,0.994012,0.0,1.0,1.0,1.0,0.0,1.0,1.0,0.0,1.0,0.988539,0.0,1.0,0.0,0.998941,1.0,1.0,1.0,1.0,0.0,0.997585,1.0,1.0,0.99872,0.0,1.0,0.996885,1.0,0.0,0.992908,1.0,0.0,1.0,0.0,0.951613,0.0,1.0,0.0,0.0,0.0,0.0,1.0,0.992771,0.0,0.98513,0.0,0.0,0.585714,1.0,1.0,1.0,1.0,1.0,1.0,1.0,0.995495,0.0,1.0,1.0,0.986348,0.99661,0.993243,0.993197,1.0,0.995885,0.978723,1.0,1.0,1.0,1.0,1.0,1.0,1.0,1.0,1.0,1.0,0.992248,0.808511,0.854545,1.0,1.0,1.0,1.0,1.0,1.0,1.0,1.0,1.0,1.0,1.0,1.0,0.998264,1.0,1.0,1.0,0.998299,1.0,1.0,1.0,1.0,1.0,0.992147,1.0,1.0,1.0,0.986111,0.8,0.0,1.0,0.998077,1.0,1.0,1.0,0.0,1.0,0.999106,0.0,1.0,1.0,1.0,1.0,0.998062,1.0,1.0,0.0,1.0,0.0,0.0,0.998912,0.0,0.996855,1.0,0.0,0.0,1.0,0.994565,0.992908,0.816794,1.0,1.0,0.0,1.0,0.0,1.0,1.0,1.0,1.0,0.998285,1.0,0.0,0.0,0.0,1.0,1.0,0.99872,0.992857,1.0,1.0,1.0,0.0,1.0,1.0,0.0,0.929825,0.0,0.0
kano_0104,0.0,0.971154,0.0,1.0,0.0,0.0,0.991525,1.0,0.0,1.0,1.0,1.0,0.0,0.0,0.0,1.0,0.78,0.0,0.0,0.0,1.0,0.925,0.0,1.0,1.0,1.0,0.0,0.0,0.0,0.0,0.981132,1.0,0.0,0.0,1.0,1.0,0.0,1.0,1.0,1.0,0.0,1.0,1.0,1.0,0.0,1.0,1.0,0.0,1.0,1.0,0.0,1.0,0.0,0.997067,1.0,1.0,1.0,1.0,0.0,0.0,1.0,0.0,0.0,1.0,1.0,1.0,1.0,0.0,1.0,1.0,0.0,1.0,0.0,0.944444,0.0,0.995283,0.0,0.0,0.0,0.0,1.0,0.993976,0.0,0.0,0.0,0.0,0.0,0.0,0.0,0.0,0.0,0.0,1.0,1.0,1.0,0.0,1.0,1.0,1.0,0.97619,0.97619,0.97619,1.0,1.0,0.972603,1.0,1.0,1.0,1.0,1.0,1.0,1.0,1.0,1.0,1.0,1.0,0.666667,0.928571,1.0,0.0,1.0,1.0,1.0,0.0,0.0,0.0,0.0,0.0,0.0,1.0,1.0,1.0,1.0,1.0,0.995851,1.0,1.0,1.0,1.0,1.0,0.986111,1.0,1.0,0.993007,1.0,0.0,0.0,1.0,1.0,1.0,1.0,1.0,0.0,1.0,0.992978,0.0,1.0,1.0,1.0,1.0,1.0,1.0,1.0,0.0,1.0,0.0,0.0,0.997967,0.0,1.0,1.0,0.0,0.0,1.0,1.0,0.96875,0.94,1.0,1.0,0.0,1.0,0.0,1.0,1.0,1.0,1.0,1.0,1.0,0.0,0.0,0.0,1.0,1.0,1.0,0.975,1.0,1.0,1.0,0.0,1.0,1.0,0.0,0.956522,0.0,0.0
kano_0105,0.0,0.939759,0.0,1.0,0.0,1.0,1.0,1.0,0.0,1.0,1.0,1.0,0.0,0.0,0.0,1.0,0.926829,0.0,0.0,0.0,1.0,1.0,0.0,1.0,1.0,1.0,0.0,0.0,0.0,0.0,1.0,1.0,0.0,0.0,1.0,1.0,0.0,1.0,1.0,0.97561,0.0,1.0,1.0,1.0,1.0,1.0,1.0,0.0,1.0,0.963235,0.0,1.0,0.0,0.993902,1.0,1.0,1.0,0.974026,0.0,0.0,1.0,0.0,0.0,1.0,1.0,1.0,0.0,0.0,1.0,1.0,0.0,1.0,0.0,1.0,0.0,1.0,0.0,0.0,0.0,0.0,1.0,1.0,0.0,0.0,0.0,0.605263,0.0,0.0,0.0,0.0,0.0,0.0,1.0,1.0,1.0,0.0,1.0,1.0,0.957447,1.0,1.0,1.0,1.0,1.0,1.0,1.0,1.0,1.0,1.0,1.0,1.0,1.0,1.0,1.0,1.0,1.0,0.636364,0.909091,1.0,1.0,1.0,1.0,1.0,0.0,0.0,0.0,0.0,0.0,0.0,1.0,0.99,1.0,1.0,1.0,1.0,1.0,1.0,1.0,1.0,0.985075,1.0,1.0,1.0,1.0,1.0,0.0,0.0,1.0,1.0,1.0,1.0,1.0,0.0,1.0,1.0,0.0,1.0,1.0,0.0,1.0,1.0,0.970588,1.0,0.0,1.0,0.0,0.0,1.0,0.0,1.0,1.0,0.0,0.0,1.0,1.0,1.0,0.85,1.0,1.0,0.0,1.0,0.0,1.0,1.0,1.0,1.0,1.0,0.980952,0.0,0.0,0.0,1.0,1.0,1.0,0.96,1.0,0.989011,0.98913,0.0,1.0,1.0,0.0,1.0,0.0,0.0
