REGION,POS,REF,ALT,REF_DP,REF_RV,REF_QUAL,ALT_DP,ALT_RV,ALT_QUAL,ALT_FREQ,TOTAL_DP,PVAL,PASS,GFF_FEATURE,REF_CODON,REF_AA,ALT_CODON,ALT_AA,POS_AA,sample,aa_change,n_samples,sample_id,state
NC_045512.2,21608,G,+TCATGCCGCTGT,70,24,31,41,0,20,0.585714,70,7.04443e-11,True,,,,,,,kano_0103,,1,kano_0103,Kano
NC_045512.2,21618,C,T,0,0,0,41,14,32,1.0,41,4.70827e-24,True,S:cds-YP_009724390.1,ACA,T,ATA,I,19.0,kano_0103,T19I,1,kano_0103,Kano
NC_045512.2,21622,C,T,0,0,0,41,14,32,1.0,41,4.70827e-24,True,S:cds-YP_009724390.1,ACC,T,ACT,T,20.0,kano_0103,T20T,1,kano_0103,Kano
NC_045512.2,21624,G,C,0,0,0,41,14,30,1.0,41,4.70827e-24,True,S:cds-YP_009724390.1,AGA,R,ACA,T,21.0,kano_0103,R21T,1,kano_0103,Kano
NC_045512.2,21627,C,A,0,0,0,38,14,28,1.0,38,3.7683800000000003e-23,True,S:cds-YP_009724390.1,ACT,T,AAT,N,22.0,kano_0103,T22N,1,kano_0103,Kano
NC_045512.2,21632,T,-NNNNNNNNN,41,14,33,41,0,20,1.0,41,8.34202e-10,True,,,,,,,kano_0103,,1,kano_0103,Kano
NC_045512.2,21653,T,C,0,0,0,192,59,32,1.0,192,1.24744e-114,True,S:cds-YP_009724390.1,TCT,S,CCT,P,31.0,kano_0103,S31P,3,kano_0103,Kano
NC_045512.2,21711,C,T,0,0,0,219,102,29,1.0,219,8.98859e-127,True,S:cds-YP_009724390.1,TCA,S,TTA,L,50.0,kano_0103,S50L,3,kano_0103,Kano
NC_045512.2,21764,A,-NNNNNN,222,125,32,221,0,20,0.995495,222,5.73311e-47,True,,,,,,,kano_0103,,3,kano_0103,Kano
NC_045512.2,21941,G,T,0,0,0,228,87,29,1.0,228,7.57994e-132,True,S:cds-YP_009724390.1,GTT,V,TTT,F,127.0,kano_0103,V127F,3,kano_0103,Kano
NC_045512.2,21987,G,A,0,0,0,293,232,30,1.0,293,2.39688e-175,True,S:cds-YP_009724390.1,GGT,G,GAT,D,142.0,kano_0103,G142D,3,kano_0103,Kano
NC_045512.2,21990,T,-NNN,287,226,28,289,0,20,0.986348,293,4.39749e-63,True,,,,,,,kano_0103,,3,kano_0103,Kano
NC_045512.2,22032,T,C,1,0,34,294,268,33,0.99661,295,2.22466e-174,True,S:cds-YP_009724390.1,TTC,F,TCC,S,157.0,kano_0103,F157S,3,kano_0103,Kano
NC_045512.2,22033,C,A,2,1,33,294,268,33,0.993243,296,1.65461e-172,True,S:cds-YP_009724390.1,TTC,F,TTA,L,157.0,kano_0103,F157L,3,kano_0103,Kano
NC_045512.2,22034,A,G,2,1,29,292,266,30,0.993197,294,6.60725e-172,True,S:cds-YP_009724390.1,AGA,R,GGA,G,158.0,kano_0103,R158G,3,kano_0103,Kano
NC_045512.2,22107,A,G,0,0,0,234,25,32,1.0,234,7.1188e-140,True,S:cds-YP_009724390.1,AAA,K,AGA,R,182.0,kano_0103,K182R,3,kano_0103,Kano
NC_045512.2,22132,G,T,0,0,0,242,34,33,0.995885,243,5.52318e-145,True,S:cds-YP_009724390.1,AGG,R,AGT,S,190.0,kano_0103,R190S,3,kano_0103,Kano
NC_045512.2,22193,A,-NNN,235,81,31,230,0,20,0.978723,235,3.49702e-49,True,,,,,,,kano_0103,,3,kano_0103,Kano
NC_045512.2,22200,T,G,0,0,0,232,83,31,1.0,232,1.1341399999999999e-138,True,S:cds-YP_009724390.1,GTG,V,GGG,G,213.0,kano_0103,V213G,3,kano_0103,Kano
NC_045512.2,22208,C,T,0,0,0,242,93,31,1.0,242,1.10464e-144,True,S:cds-YP_009724390.1,CTC,L,TTC,F,216.0,kano_0103,L216F,3,kano_0103,Kano
NC_045512.2,22295,C,A,0,0,0,437,264,32,1.0,437,5.8851e-262,True,S:cds-YP_009724390.1,CAT,H,AAT,N,245.0,kano_0103,H245N,3,kano_0103,Kano
NC_045512.2,22353,C,A,0,0,0,168,69,29,1.0,168,5.55125e-98,True,S:cds-YP_009724390.1,GCT,A,GAT,D,264.0,kano_0103,A264D,3,kano_0103,Kano
NC_045512.2,22556,A,G,0,0,0,80,21,30,1.0,80,2.17285e-47,True,S:cds-YP_009724390.1,ATT,I,GTT,V,332.0,kano_0103,I332V,3,kano_0103,Kano
NC_045512.2,22577,G,C,0,0,0,81,22,31,1.0,81,5.46586e-48,True,S:cds-YP_009724390.1,GGT,G,CGT,R,339.0,kano_0103,G339R,3,kano_0103,Kano
NC_045512.2,22578,G,A,0,0,0,81,22,32,1.0,81,5.46586e-48,True,S:cds-YP_009724390.1,GGT,G,GAT,D,339.0,kano_0103,G339D,3,kano_0103,Kano
NC_045512.2,22599,G,C,0,0,0,88,28,31,1.0,88,3.47683e-52,True,S:cds-YP_009724390.1,AGA,R,ACA,T,346.0,kano_0103,R346T,3,kano_0103,Kano
NC_045512.2,22629,A,C,0,0,0,136,42,32,1.0,136,5.45274e-81,True,S:cds-YP_009724390.1,AAG,K,ACG,T,356.0,kano_0103,K356T,3,kano_0103,Kano
NC_045512.2,22674,C,T,0,0,0,129,44,28,1.0,129,3.6721500000000003e-76,True,S:cds-YP_009724390.1,TCC,S,TTC,F,371.0,kano_0103,S371F,3,kano_0103,Kano
NC_045512.2,22679,T,C,1,1,26,128,40,29,0.992248,129,1.85943e-73,True,S:cds-YP_009724390.1,TCA,S,CCA,P,373.0,kano_0103,S373P,3,kano_0103,Kano
NC_045512.2,22686,C,T,9,3,27,38,37,27,0.808511,47,6.63061e-26,True,S:cds-YP_009724390.1,TCC,S,TTC,F,375.0,kano_0103,S375F,3,kano_0103,Kano
NC_045512.2,22688,A,G,8,4,31,47,17,30,0.854545,55,6.863280000000001e-23,True,S:cds-YP_009724390.1,ACT,T,GCT,A,376.0,kano_0103,T376A,3,kano_0103,Kano
NC_045512.2,22770,G,A,0,0,0,54,32,31,1.0,54,8.04577e-32,True,S:cds-YP_009724390.1,AGA,R,AAA,K,403.0,kano_0103,R403K,3,kano_0103,Kano
NC_045512.2,22775,G,A,0,0,0,35,13,29,1.0,35,2.3815199999999997e-25,True,S:cds-YP_009724390.1,GAT,D,AAT,N,405.0,kano_0103,D405N,2,kano_0103,Kano
NC_045512.2,22786,A,C,0,0,0,56,35,30,1.0,56,5.12046e-33,True,S:cds-YP_009724390.1,AGA,R,AGC,S,408.0,kano_0103,R408S,3,kano_0103,Kano
NC_045512.2,22792,C,T,0,0,0,57,36,29,1.0,57,1.29144e-33,True,S:cds-YP_009724390.1,ATC,I,ATT,I,410.0,kano_0103,I410I,3,kano_0103,Kano
NC_045512.2,22813,G,T,0,0,0,57,36,30,1.0,57,1.29144e-33,True,S:cds-YP_009724390.1,AAG,K,AAT,N,417.0,kano_0103,K417N,3,kano_0103,Kano
NC_045512.2,22882,T,G,0,0,0,25,11,32,1.0,25,1.58215e-14,True,S:cds-YP_009724390.1,AAT,N,AAG,K,440.0,kano_0103,N440K,1,kano_0103,Kano
NC_045512.2,22884,T,G,0,0,0,25,11,30,1.0,25,1.58215e-14,True,S:cds-YP_009724390.1,CTT,L,CGT,R,441.0,kano_0103,L441R,1,kano_0103,Kano
NC_045512.2,22893,A,G,0,0,0,25,11,30,1.0,25,1.58215e-14,True,S:cds-YP_009724390.1,AAG,K,AGG,R,444.0,kano_0103,K444R,1,kano_0103,Kano
NC_045512.2,22895,G,C,0,0,0,25,11,31,1.0,25,1.58215e-14,True,S:cds-YP_009724390.1,GTT,V,CTT,L,445.0,kano_0103,V445L,1,kano_0103,Kano
NC_045512.2,22896,T,C,0,0,0,25,11,31,1.0,25,1.58215e-14,True,S:cds-YP_009724390.1,GTT,V,GCT,A,445.0,kano_0103,V445A,1,kano_0103,Kano
NC_045512.2,22898,G,A,0,0,0,25,11,33,1.0,25,1.58215e-14,True,S:cds-YP_009724390.1,GGT,G,AGT,S,446.0,kano_0103,G446S,1,kano_0103,Kano
NC_045512.2,22910,A,G,0,0,0,576,300,32,1.0,576,0.0,True,S:cds-YP_009724390.1,AAT,N,GAT,D,450.0,kano_0103,N450D,3,kano_0103,Kano
NC_045512.2,22916,C,T,1,0,31,575,300,32,0.998264,576,0.0,True,S:cds-YP_009724390.1,CTG,L,TTG,L,452.0,kano_0103,L452L,3,kano_0103,Kano
NC_045512.2,22917,T,G,0,0,0,576,300,30,1.0,576,0.0,True,S:cds-YP_009724390.1,CTG,L,CGG,R,452.0,kano_0103,L452R,4,kano_0103,Kano
NC_045512.2,22926,T,C,0,0,0,585,307,32,1.0,585,0.0,True,S:cds-YP_009724390.1,TTG,L,TCG,S,455.0,kano_0103,L455S,3,kano_0103,Kano
NC_045512.2,22928,T,C,0,0,0,587,309,32,1.0,587,0.0,True,S:cds-YP_009724390.1,TTT,F,CTT,L,456.0,kano_0103,F456L,3,kano_0103,Kano
NC_045512.2,22942,T,A,0,0,0,587,313,30,0.998299,588,0.0,True,S:cds-YP_009724390.1,AAT,N,AAA,K,460.0,kano_0103,N460K,3,kano_0103,Kano
NC_045512.2,22986,C,T,0,0,0,500,323,30,1.0,500,7.39951e-300,True,S:cds-YP_009724390.1,GCC,A,GTC,V,475.0,kano_0103,A475V,3,kano_0103,Kano
NC_045512.2,22992,G,A,0,0,0,396,323,31,1.0,396,1.35457e-237,True,S:cds-YP_009724390.1,AGC,S,AAC,N,477.0,kano_0103,S477N,3,kano_0103,Kano
NC_045512.2,22993,C,T,0,0,0,397,323,31,1.0,397,6.78142e-238,True,S:cds-YP_009724390.1,AGC,S,AGT,S,477.0,kano_0103,S477S,3,kano_0103,Kano
NC_045512.2,22995,C,A,0,0,0,396,322,33,1.0,396,1.35457e-237,True,S:cds-YP_009724390.1,ACA,T,AAA,K,478.0,kano_0103,T478K,3,kano_0103,Kano
NC_045512.2,23005,T,A,0,0,0,353,321,31,1.0,353,6.407940000000001e-220,True,S:cds-YP_009724390.1,AAT,N,AAA,K,481.0,kano_0103,N481K,3,kano_0103,Kano
NC_045512.2,23007,G,-NNN,380,321,32,379,0,20,0.992147,382,5.96132e-81,True,,,,,,,kano_0103,,3,kano_0103,Kano
NC_045512.2,23012,G,A,0,0,0,378,319,27,1.0,378,1.04791e-220,True,S:cds-YP_009724390.1,GAA,E,AAA,K,484.0,kano_0103,E484K,3,kano_0103,Kano
NC_045512.2,23018,T,C,0,0,0,382,323,30,1.0,382,7.14269e-229,True,S:cds-YP_009724390.1,TTT,F,CTT,L,486.0,kano_0103,F486L,3,kano_0103,Kano
NC_045512.2,23019,T,C,0,0,0,382,323,32,1.0,382,7.14269e-229,True,S:cds-YP_009724390.1,TTT,F,TCT,S,486.0,kano_0103,F486S,3,kano_0103,Kano
NC_045512.2,23055,A,G,2,2,30,142,127,33,0.986111,144,8.93768e-82,True,S:cds-YP_009724390.1,CAA,Q,CGA,R,498.0,kano_0103,Q498R,3,kano_0103,Kano
NC_045512.2,23075,T,C,5,1,30,20,6,33,0.8,25,1.87888e-09,True,S:cds-YP_009724390.1,TAC,Y,CAC,H,505.0,kano_0103,Y505H,1,kano_0103,Kano
NC_045512.2,23222,G,A,0,0,0,210,119,31,1.0,210,4.7571300000000006e-126,True,S:cds-YP_009724390.1,GAG,E,AAG,K,554.0,kano_0103,E554K,3,kano_0103,Kano
NC_045512.2,23271,C,T,1,1,29,519,259,30,0.998077,520,8.96485e-310,True,S:cds-YP_009724390.1,GCT,A,GTT,V,570.0,kano_0103,A570V,3,kano_0103,Kano
NC_045512.2,23403,A,G,0,0,0,372,272,28,1.0,372,2.07767e-222,True,S:cds-YP_009724390.1,GAT,D,GGT,G,614.0,kano_0103,D614G,10,kano_0103,Kano
NC_045512.2,23423,C,T,0,0,0,389,278,31,1.0,389,4.39929e-233,True,S:cds-YP_009724390.1,CCT,P,TCT,S,621.0,kano_0103,P621S,3,kano_0103,Kano
NC_045512.2,23525,C,T,0,0,0,641,425,32,1.0,641,0.0,True,S:cds-YP_009724390.1,CAT,H,TAT,Y,655.0,kano_0103,H655Y,3,kano_0103,Kano
NC_045512.2,23599,T,G,0,0,0,1118,565,31,1.0,1118,0.0,True,S:cds-YP_009724390.1,AAT,N,AAG,K,679.0,kano_0103,N679K,3,kano_0103,Kano
NC_045512.2,23604,C,G,0,0,0,1117,564,32,0.999106,1118,0.0,True,S:cds-YP_009724390.1,CCT,P,CGT,R,681.0,kano_0103,P681R,3,kano_0103,Kano
NC_045512.2,23854,C,A,0,0,0,195,153,27,1.0,195,3.4957800000000005e-120,True,S:cds-YP_009724390.1,AAC,N,AAA,K,764.0,kano_0103,N764K,3,kano_0103,Kano
NC_045512.2,23948,G,T,0,0,0,117,94,28,1.0,117,1.64068e-67,True,S:cds-YP_009724390.1,GAT,D,TAT,Y,796.0,kano_0103,D796Y,3,kano_0103,Kano
NC_045512.2,24378,C,T,0,0,0,82,75,27,1.0,82,4.55913e-50,True,S:cds-YP_009724390.1,TCT,S,TTT,F,939.0,kano_0103,S939F,2,kano_0103,Kano
NC_045512.2,24424,A,T,0,0,0,377,178,31,1.0,377,7.266129999999999e-226,True,S:cds-YP_009724390.1,CAA,Q,CAT,H,954.0,kano_0103,Q954H,3,kano_0103,Kano
NC_045512.2,24469,T,A,1,0,25,515,136,27,0.998062,516,1.03681e-316,True,S:cds-YP_009724390.1,AAT,N,AAA,K,969.0,kano_0103,N969K,3,kano_0103,Kano
NC_045512.2,24990,C,T,0,0,0,111,93,29,1.0,111,3.1065899999999995e-64,True,S:cds-YP_009724390.1,CCT,P,CTT,L,1143.0,kano_0103,P1143L,3,kano_0103,Kano
NC_045512.2,25000,C,T,0,0,0,113,95,31,1.0,113,1.7491e-67,True,S:cds-YP_009724390.1,GAC,D,GAT,D,1146.0,kano_0103,D1146D,3,kano_0103,Kano
NC_045512.2,25207,C,T,0,0,0,212,97,30,1.0,212,5.96047e-127,True,S:cds-YP_009724390.1,TAC,Y,TAT,Y,1215.0,kano_0103,Y1215Y,3,kano_0103,Kano
NC_045512.2,23403,A,G,17,8,31,25435,13449,28,0.999293,25453,0.0,True,S:cds-YP_009724390.1,GAT,D,GGT,G,614.0,bauchi_4200,D614G,10,bauchi_4200,Bauchi
NC_045512.2,22917,T,G,0,0,0,22218,11644,30,0.999685,22225,0.0,True,S:cds-YP_009724390.1,CTG,L,CGG,R,452.0,bauchi_1586,L452R,4,bauchi_1586,Bauchi
NC_045512.2,23403,A,G,5,1,32,17836,9608,29,0.999216,17850,0.0,True,S:cds-YP_009724390.1,GAT,D,GGT,G,614.0,bauchi_1586,D614G,10,bauchi_1586,Bauchi
NC_045512.2,23669,A,G,2,0,36,9,9,21,0.818182,11,6.73038e-05,True,S:cds-YP_009724390.1,AAT,N,GAT,D,703.0,bauchi_1586,N703D,1,bauchi_1586,Bauchi
NC_045512.2,25026,A,T,0,0,0,8622,6403,28,1.0,8622,0.0,True,S:cds-YP_009724390.1,TAT,Y,TTT,F,1155.0,bauchi_1586,Y1155F,1,bauchi_1586,Bauchi
NC_045512.2,25244,G,T,1,1,30,31711,19532,30,0.999842,31716,0.0,True,S:cds-YP_009724390.1,GTA,V,TTA,L,1228.0,bauchi_1586,V1228L,1,bauchi_1586,Bauchi
NC_045512.2,25355,C,A,2,1,27,7,7,23,0.7,10,0.00113122,True,S:cds-YP_009724390.1,CTC,L,ATC,I,1265.0,bauchi_1586,L1265I,1,bauchi_1586,Bauchi
NC_045512.2,21653,T,C,0,0,0,33,5,31,1.0,33,2.7703000000000004e-19,True,S:cds-YP_009724390.1,TCT,S,CCT,P,31.0,kano_0104,S31P,3,kano_0104,Kano
NC_045512.2,21711,C,T,0,0,0,38,16,28,1.0,38,1.45083e-22,True,S:cds-YP_009724390.1,TCA,S,TTA,L,50.0,kano_0104,S50L,3,kano_0104,Kano
NC_045512.2,21764,A,-NNNNNN,39,20,32,39,0,20,1.0,39,2.37544e-09,True,,,,,,,kano_0104,,3,kano_0104,Kano
NC_045512.2,21941,G,T,0,0,0,55,25,28,1.0,55,2.0298999999999998e-32,True,S:cds-YP_009724390.1,GTT,V,TTT,F,127.0,kano_0104,V127F,3,kano_0104,Kano
NC_045512.2,21987,G,A,0,0,0,68,56,30,1.0,68,3.36185e-40,True,S:cds-YP_009724390.1,GGT,G,GAT,D,142.0,kano_0104,G142D,3,kano_0104,Kano
NC_045512.2,21990,T,-NNN,66,54,27,68,0,20,1.0,68,3.43499e-16,True,,,,,,,kano_0104,,3,kano_0104,Kano
NC_045512.2,22032,T,C,2,2,33,82,77,32,0.97619,84,3.1047e-46,True,S:cds-YP_009724390.1,TTC,F,TCC,S,157.0,kano_0104,F157S,3,kano_0104,Kano
NC_045512.2,22033,C,A,2,2,33,82,77,33,0.97619,84,3.1047e-46,True,S:cds-YP_009724390.1,TTC,F,TTA,L,157.0,kano_0104,F157L,3,kano_0104,Kano
NC_045512.2,22034,A,G,2,2,33,82,77,30,0.97619,84,3.1047e-46,True,S:cds-YP_009724390.1,AGA,R,GGA,G,158.0,kano_0104,R158G,3,kano_0104,Kano
NC_045512.2,22107,A,G,0,0,0,79,12,32,1.0,79,8.63707e-47,True,S:cds-YP_009724390.1,AAA,K,AGA,R,182.0,kano_0104,K182R,3,kano_0104,Kano
NC_045512.2,22132,G,T,0,0,0,80,12,32,1.0,80,2.17285e-47,True,S:cds-YP_009724390.1,AGG,R,AGT,S,190.0,kano_0104,R190S,3,kano_0104,Kano
NC_045512.2,22193,A,-NNN,72,29,31,71,0,20,0.972603,73,7.53079e-17,True,,,,,,,kano_0104,,3,kano_0104,Kano
NC_045512.2,22200,T,G,0,0,0,74,32,32,1.0,74,8.560810000000001e-44,True,S:cds-YP_009724390.1,GTG,V,GGG,G,213.0,kano_0104,V213G,3,kano_0104,Kano
NC_045512.2,22208,C,T,0,0,0,77,35,31,1.0,77,1.3643799999999999e-45,True,S:cds-YP_009724390.1,CTC,L,TTC,F,216.0,kano_0104,L216F,3,kano_0104,Kano
NC_045512.2,22295,C,A,0,0,0,145,99,32,1.0,145,2.1476599999999997e-86,True,S:cds-YP_009724390.1,CAT,H,AAT,N,245.0,kano_0104,H245N,3,kano_0104,Kano
NC_045512.2,22353,C,A,0,0,0,40,11,29,1.0,40,1.86034e-23,True,S:cds-YP_009724390.1,GCT,A,GAT,D,264.0,kano_0104,A264D,3,kano_0104,Kano
NC_045512.2,22556,A,G,0,0,0,21,8,30,1.0,21,3.71569e-12,True,S:cds-YP_009724390.1,ATT,I,GTT,V,332.0,kano_0104,I332V,3,kano_0104,Kano
NC_045512.2,22577,G,C,0,0,0,21,8,31,1.0,21,3.71569e-12,True,S:cds-YP_009724390.1,GGT,G,CGT,R,339.0,kano_0104,G339R,3,kano_0104,Kano
NC_045512.2,22578,G,A,0,0,0,21,8,31,1.0,21,3.71569e-12,True,S:cds-YP_009724390.1,GGT,G,GAT,D,339.0,kano_0104,G339D,3,kano_0104,Kano
NC_045512.2,22599,G,C,0,0,0,21,8,33,1.0,21,3.71569e-12,True,S:cds-YP_009724390.1,AGA,R,ACA,T,346.0,kano_0104,R346T,3,kano_0104,Kano
NC_045512.2,22629,A,C,0,0,0,35,10,32,1.0,35,1.7827499999999997e-20,True,S:cds-YP_009724390.1,AAG,K,ACG,T,356.0,kano_0104,K356T,3,kano_0104,Kano
NC_045512.2,22674,C,T,0,0,0,35,11,28,1.0,35,8.91375e-21,True,S:cds-YP_009724390.1,TCC,S,TTC,F,371.0,kano_0104,S371F,3,kano_0104,Kano
NC_045512.2,22679,T,C,0,0,0,36,11,28,1.0,36,4.51965e-21,True,S:cds-YP_009724390.1,TCA,S,CCA,P,373.0,kano_0104,S373P,3,kano_0104,Kano
NC_045512.2,22686,C,T,5,2,24,10,10,28,0.666667,15,1.21027e-06,True,S:cds-YP_009724390.1,TCC,S,TTC,F,375.0,kano_0104,S375F,3,kano_0104,Kano
NC_045512.2,22688,A,G,1,1,34,13,2,28,0.928571,14,6.97965e-07,True,S:cds-YP_009724390.1,ACT,T,GCT,A,376.0,kano_0104,T376A,3,kano_0104,Kano
NC_045512.2,22770,G,A,0,0,0,15,8,31,1.0,15,1.28935e-08,True,S:cds-YP_009724390.1,AGA,R,AAA,K,403.0,kano_0104,R403K,3,kano_0104,Kano
NC_045512.2,22786,A,C,0,0,0,15,8,30,1.0,15,6.44673e-09,True,S:cds-YP_009724390.1,AGA,R,AGC,S,408.0,kano_0104,R408S,3,kano_0104,Kano
NC_045512.2,22792,C,T,0,0,0,15,9,29,1.0,15,6.44673e-09,True,S:cds-YP_009724390.1,ATC,I,ATT,I,410.0,kano_0104,I410I,3,kano_0104,Kano
NC_045512.2,22813,G,T,0,0,0,16,9,28,1.0,16,3.32734e-09,True,S:cds-YP_009724390.1,AAG,K,AAT,N,417.0,kano_0104,K417N,3,kano_0104,Kano
NC_045512.2,22910,A,G,0,0,0,233,127,32,1.0,233,2.8414399999999998e-139,True,S:cds-YP_009724390.1,AAT,N,GAT,D,450.0,kano_0104,N450D,3,kano_0104,Kano
NC_045512.2,22916,C,T,0,0,0,234,128,32,1.0,234,7.1188e-140,True,S:cds-YP_009724390.1,CTG,L,TTG,L,452.0,kano_0104,L452L,3,kano_0104,Kano
NC_045512.2,22917,T,G,0,0,0,234,128,30,1.0,234,7.1188e-140,True,S:cds-YP_009724390.1,CTG,L,CGG,R,452.0,kano_0104,L452R,4,kano_0104,Kano
NC_045512.2,22926,T,C,0,0,0,240,133,32,1.0,240,1.76011e-143,True,S:cds-YP_009724390.1,TTG,L,TCG,S,455.0,kano_0104,L455S,3,kano_0104,Kano
NC_045512.2,22928,T,C,0,0,0,240,133,31,1.0,240,1.76011e-143,True,S:cds-YP_009724390.1,TTT,F,CTT,L,456.0,kano_0104,F456L,3,kano_0104,Kano
NC_045512.2,22942,T,A,0,0,0,240,134,30,0.995851,241,1.1138e-144,True,S:cds-YP_009724390.1,AAT,N,AAA,K,460.0,kano_0104,N460K,3,kano_0104,Kano
NC_045512.2,22986,C,T,0,0,0,200,136,30,1.0,200,1.94264e-119,True,S:cds-YP_009724390.1,GCC,A,GTC,V,475.0,kano_0104,A475V,3,kano_0104,Kano
NC_045512.2,22992,G,A,0,0,0,147,135,31,1.0,147,5.7931e-90,True,S:cds-YP_009724390.1,AGC,S,AAC,N,477.0,kano_0104,S477N,3,kano_0104,Kano
NC_045512.2,22993,C,T,0,0,0,155,136,31,1.0,155,2.11749e-92,True,S:cds-YP_009724390.1,AGC,S,AGT,S,477.0,kano_0104,S477S,3,kano_0104,Kano
NC_045512.2,22995,C,A,0,0,0,155,136,33,1.0,155,2.11749e-92,True,S:cds-YP_009724390.1,ACA,T,AAA,K,478.0,kano_0104,T478K,3,kano_0104,Kano
NC_045512.2,23005,T,A,0,0,0,140,136,31,1.0,140,1.37952e-84,True,S:cds-YP_009724390.1,AAT,N,AAA,K,481.0,kano_0104,N481K,3,kano_0104,Kano
NC_045512.2,23007,G,-NNN,143,136,32,142,0,20,0.986111,144,3.9806e-31,True,,,,,,,kano_0104,,3,kano_0104,Kano
NC_045512.2,23012,G,A,0,0,0,142,135,28,1.0,142,9.72565e-83,True,S:cds-YP_009724390.1,GAA,E,AAA,K,484.0,kano_0104,E484K,3,kano_0104,Kano
NC_045512.2,23018,T,C,0,0,0,143,136,30,1.0,143,3.41251e-85,True,S:cds-YP_009724390.1,TTT,F,CTT,L,486.0,kano_0104,F486L,3,kano_0104,Kano
NC_045512.2,23019,T,C,1,1,24,142,135,33,0.993007,143,4.87989e-83,True,S:cds-YP_009724390.1,TTT,F,TCT,S,486.0,kano_0104,F486S,3,kano_0104,Kano
NC_045512.2,23055,A,G,0,0,0,71,68,33,1.0,71,5.3671e-42,True,S:cds-YP_009724390.1,CAA,Q,CGA,R,498.0,kano_0104,Q498R,3,kano_0104,Kano
NC_045512.2,23222,G,A,0,0,0,60,37,30,1.0,60,2.07007e-35,True,S:cds-YP_009724390.1,GAG,E,AAG,K,554.0,kano_0104,E554K,3,kano_0104,Kano
NC_045512.2,23271,C,T,0,0,0,241,113,30,1.0,241,4.40941e-144,True,S:cds-YP_009724390.1,GCT,A,GTT,V,570.0,kano_0104,A570V,3,kano_0104,Kano
NC_045512.2,23403,A,G,0,0,0,187,132,27,1.0,187,9.96305e-112,True,S:cds-YP_009724390.1,GAT,D,GGT,G,614.0,kano_0104,D614G,10,kano_0104,Kano
NC_045512.2,23423,C,T,0,0,0,194,133,31,1.0,194,7.83695e-116,True,S:cds-YP_009724390.1,CCT,P,TCT,S,621.0,kano_0104,P621S,3,kano_0104,Kano
NC_045512.2,23525,C,T,0,0,0,429,263,32,1.0,429,1.91071e-257,True,S:cds-YP_009724390.1,CAT,H,TAT,Y,655.0,kano_0104,H655Y,3,kano_0104,Kano
NC_045512.2,23599,T,G,0,0,0,713,391,31,1.0,713,0.0,True,S:cds-YP_009724390.1,AAT,N,AAG,K,679.0,kano_0104,N679K,3,kano_0104,Kano
NC_045512.2,23604,C,G,4,4,33,707,387,32,0.992978,712,0.0,True,S:cds-YP_009724390.1,CCT,P,CGT,R,681.0,kano_0104,P681R,3,kano_0104,Kano
NC_045512.2,23854,C,A,0,0,0,103,95,27,1.0,103,1.19368e-60,True,S:cds-YP_009724390.1,AAC,N,AAA,K,764.0,kano_0104,N764K,3,kano_0104,Kano
NC_045512.2,23948,G,T,0,0,0,54,50,30,1.0,54,8.04577e-32,True,S:cds-YP_009724390.1,GAT,D,TAT,Y,796.0,kano_0104,D796Y,3,kano_0104,Kano
NC_045512.2,24378,C,T,0,0,0,22,22,28,1.0,22,2.42912e-13,True,S:cds-YP_009724390.1,TCT,S,TTT,F,939.0,kano_0104,S939F,2,kano_0104,Kano
NC_045512.2,24424,A,T,0,0,0,227,91,30,1.0,227,1.1487899999999999e-135,True,S:cds-YP_009724390.1,CAA,Q,CAT,H,954.0,kano_0104,Q954H,3,kano_0104,Kano
NC_045512.2,24469,T,A,0,0,0,268,82,28,1.0,268,9.150880000000001e-163,True,S:cds-YP_009724390.1,AAT,N,AAA,K,969.0,kano_0104,N969K,3,kano_0104,Kano
NC_045512.2,24990,C,T,0,0,0,54,43,29,1.0,54,8.04577e-32,True,S:cds-YP_009724390.1,CCT,P,CTT,L,1143.0,kano_0104,P1143L,3,kano_0104,Kano
NC_045512.2,25000,C,T,0,0,0,54,43,30,1.0,54,8.04577e-32,True,S:cds-YP_009724390.1,GAC,D,GAT,D,1146.0,kano_0104,D1146D,3,kano_0104,Kano
NC_045512.2,25207,C,T,0,0,0,113,52,30,1.0,113,3.49821e-67,True,S:cds-YP_009724390.1,TAC,Y,TAT,Y,1215.0,kano_0104,Y1215Y,3,kano_0104,Kano
NC_045512.2,23403,A,G,20,13,29,35557,22129,27,0.999438,35577,0.0,True,S:cds-YP_009724390.1,GAT,D,GGT,G,614.0,bauchi_4244,D614G,10,bauchi_4244,Bauchi
NC_045512.2,23403,A,G,0,0,0,703,379,27,1.0,703,0.0,True,S:cds-YP_009724390.1,GAT,D,GGT,G,614.0,kaduna_0101,D614G,10,kaduna_0101,Kaduna
NC_045512.2,23587,G,C,34,18,32,1962,1049,32,0.982474,1997,0.0,True,S:cds-YP_009724390.1,CAG,Q,CAC,H,675.0,kaduna_0101,Q675H,1,kaduna_0101,Kaduna
NC_045512.2,21653,T,C,0,0,0,44,13,32,1.0,44,7.61948e-26,True,S:cds-YP_009724390.1,TCT,S,CCT,P,31.0,kano_0105,S31P,3,kano_0105,Kano
NC_045512.2,21711,C,T,0,0,0,47,18,29,1.0,47,1.23024e-27,True,S:cds-YP_009724390.1,TCA,S,TTA,L,50.0,kano_0105,S50L,3,kano_0105,Kano
NC_045512.2,21764,A,-NNNNNN,45,22,32,45,0,20,1.0,45,1.02878e-10,True,,,,,,,kano_0105,,3,kano_0105,Kano
NC_045512.2,21941,G,T,0,0,0,26,15,29,1.0,26,2.01646e-15,True,S:cds-YP_009724390.1,GTT,V,TTT,F,127.0,kano_0105,V127F,3,kano_0105,Kano
NC_045512.2,21987,G,A,0,0,0,47,40,31,1.0,47,1.23024e-27,True,S:cds-YP_009724390.1,GGT,G,GAT,D,142.0,kano_0105,G142D,3,kano_0105,Kano
NC_045512.2,21990,T,-NNN,46,39,28,45,0,20,0.957447,47,6.09655e-11,True,,,,,,,kano_0105,,3,kano_0105,Kano
NC_045512.2,22032,T,C,0,0,0,51,49,33,1.0,51,5.00489e-30,True,S:cds-YP_009724390.1,TTC,F,TCC,S,157.0,kano_0105,F157S,3,kano_0105,Kano
NC_045512.2,22033,C,A,0,0,0,51,49,34,1.0,51,5.00489e-30,True,S:cds-YP_009724390.1,TTC,F,TTA,L,157.0,kano_0105,F157L,3,kano_0105,Kano
NC_045512.2,22034,A,G,0,0,0,51,49,31,1.0,51,5.00489e-30,True,S:cds-YP_009724390.1,AGA,R,GGA,G,158.0,kano_0105,R158G,3,kano_0105,Kano
NC_045512.2,22107,A,G,0,0,0,52,4,32,1.0,52,1.26337e-30,True,S:cds-YP_009724390.1,AAA,K,AGA,R,182.0,kano_0105,K182R,3,kano_0105,Kano
NC_045512.2,22132,G,T,0,0,0,53,4,33,1.0,53,3.18851e-31,True,S:cds-YP_009724390.1,AGG,R,AGT,S,190.0,kano_0105,R190S,3,kano_0105,Kano
NC_045512.2,22193,A,-NNN,43,9,32,43,0,20,1.0,43,2.92953e-10,True,,,,,,,kano_0105,,3,kano_0105,Kano
NC_045512.2,22200,T,G,0,0,0,44,10,31,1.0,44,7.61948e-26,True,S:cds-YP_009724390.1,GTG,V,GGG,G,213.0,kano_0105,V213G,3,kano_0105,Kano
NC_045512.2,22208,C,T,0,0,0,45,11,31,1.0,45,1.9262700000000002e-26,True,S:cds-YP_009724390.1,CTC,L,TTC,F,216.0,kano_0105,L216F,3,kano_0105,Kano
NC_045512.2,22295,C,A,0,0,0,91,53,32,1.0,91,5.52412e-54,True,S:cds-YP_009724390.1,CAT,H,AAT,N,245.0,kano_0105,H245N,3,kano_0105,Kano
NC_045512.2,22353,C,A,0,0,0,36,14,29,1.0,36,4.51965e-21,True,S:cds-YP_009724390.1,GCT,A,GAT,D,264.0,kano_0105,A264D,3,kano_0105,Kano
NC_045512.2,22556,A,G,0,0,0,15,9,32,1.0,15,1.28935e-08,True,S:cds-YP_009724390.1,ATT,I,GTT,V,332.0,kano_0105,I332V,3,kano_0105,Kano
NC_045512.2,22577,G,C,0,0,0,15,9,31,1.0,15,1.28935e-08,True,S:cds-YP_009724390.1,GGT,G,CGT,R,339.0,kano_0105,G339R,3,kano_0105,Kano
NC_045512.2,22578,G,A,0,0,0,15,9,32,1.0,15,1.28935e-08,True,S:cds-YP_009724390.1,GGT,G,GAT,D,339.0,kano_0105,G339D,3,kano_0105,Kano
NC_045512.2,22599,G,C,0,0,0,14,8,31,1.0,14,4.98547e-08,True,S:cds-YP_009724390.1,AGA,R,ACA,T,346.0,kano_0105,R346T,3,kano_0105,Kano
NC_045512.2,22629,A,C,0,0,0,24,8,31,1.0,24,6.20201e-14,True,S:cds-YP_009724390.1,AAG,K,ACG,T,356.0,kano_0105,K356T,3,kano_0105,Kano
NC_045512.2,22674,C,T,0,0,0,24,9,28,1.0,24,3.10101e-14,True,S:cds-YP_009724390.1,TCC,S,TTC,F,371.0,kano_0105,S371F,3,kano_0105,Kano
NC_045512.2,22679,T,C,0,0,0,24,8,29,1.0,24,6.20201e-14,True,S:cds-YP_009724390.1,TCA,S,CCA,P,373.0,kano_0105,S373P,3,kano_0105,Kano
NC_045512.2,22686,C,T,4,2,29,7,7,27,0.636364,11,0.000125496,True,S:cds-YP_009724390.1,TCC,S,TTC,F,375.0,kano_0105,S375F,3,kano_0105,Kano
NC_045512.2,22688,A,G,1,0,33,10,2,30,0.909091,11,3.11866e-05,True,S:cds-YP_009724390.1,ACT,T,GCT,A,376.0,kano_0105,T376A,3,kano_0105,Kano
NC_045512.2,22770,G,A,0,0,0,12,6,29,1.0,12,7.39602e-07,True,S:cds-YP_009724390.1,AGA,R,AAA,K,403.0,kano_0105,R403K,3,kano_0105,Kano
NC_045512.2,22775,G,A,0,0,0,10,4,28,1.0,10,2.83514e-06,True,S:cds-YP_009724390.1,GAT,D,AAT,N,405.0,kano_0105,D405N,2,kano_0105,Kano
NC_045512.2,22786,A,C,0,0,0,12,6,29,1.0,12,7.39602e-07,True,S:cds-YP_009724390.1,AGA,R,AGC,S,408.0,kano_0105,R408S,3,kano_0105,Kano
NC_045512.2,22792,C,T,0,0,0,13,7,27,1.0,13,1.92297e-07,True,S:cds-YP_009724390.1,ATC,I,ATT,I,410.0,kano_0105,I410I,3,kano_0105,Kano
NC_045512.2,22813,G,T,0,0,0,12,7,29,1.0,12,7.39602e-07,True,S:cds-YP_009724390.1,AAG,K,AAT,N,417.0,kano_0105,K417N,3,kano_0105,Kano
NC_045512.2,22910,A,G,0,0,0,100,55,32,1.0,100,2.20876e-59,True,S:cds-YP_009724390.1,AAT,N,GAT,D,450.0,kano_0105,N450D,3,kano_0105,Kano
NC_045512.2,22916,C,T,1,1,34,99,54,32,0.99,100,2.20876e-57,True,S:cds-YP_009724390.1,CTG,L,TTG,L,452.0,kano_0105,L452L,3,kano_0105,Kano
NC_045512.2,22917,T,G,0,0,0,100,55,30,1.0,100,2.20876e-59,True,S:cds-YP_009724390.1,CTG,L,CGG,R,452.0,kano_0105,L452R,4,kano_0105,Kano
NC_045512.2,22926,T,C,0,0,0,102,56,32,1.0,102,1.39418e-60,True,S:cds-YP_009724390.1,TTG,L,TCG,S,455.0,kano_0105,L455S,3,kano_0105,Kano
NC_045512.2,22928,T,C,0,0,0,102,56,31,1.0,102,1.39418e-60,True,S:cds-YP_009724390.1,TTT,F,CTT,L,456.0,kano_0105,F456L,3,kano_0105,Kano
NC_045512.2,22942,T,A,0,0,0,101,57,30,1.0,101,1.39418e-60,True,S:cds-YP_009724390.1,AAT,N,AAA,K,460.0,kano_0105,N460K,3,kano_0105,Kano
NC_045512.2,22986,C,T,0,0,0,89,60,30,1.0,89,8.74119e-53,True,S:cds-YP_009724390.1,GCC,A,GTC,V,475.0,kano_0105,A475V,3,kano_0105,Kano
NC_045512.2,22992,G,A,0,0,0,70,60,32,1.0,70,2.1317200000000001e-41,True,S:cds-YP_009724390.1,AGC,S,AAC,N,477.0,kano_0105,S477N,3,kano_0105,Kano
NC_045512.2,22993,C,T,0,0,0,70,60,32,1.0,70,2.1317200000000001e-41,True,S:cds-YP_009724390.1,AGC,S,AGT,S,477.0,kano_0105,S477S,3,kano_0105,Kano
NC_045512.2,22995,C,A,0,0,0,70,60,34,1.0,70,2.1317200000000001e-41,True,S:cds-YP_009724390.1,ACA,T,AAA,K,478.0,kano_0105,T478K,3,kano_0105,Kano
NC_045512.2,23005,T,A,0,0,0,66,60,32,0.985075,67,3.4621999999999997e-40,True,S:cds-YP_009724390.1,AAT,N,AAA,K,481.0,kano_0105,N481K,3,kano_0105,Kano
NC_045512.2,23007,G,-NNN,69,60,32,70,0,20,1.0,70,1.61222e-16,True,,,,,,,kano_0105,,3,kano_0105,Kano
NC_045512.2,23012,G,A,0,0,0,69,59,28,1.0,69,4.23299e-41,True,S:cds-YP_009724390.1,GAA,E,AAA,K,484.0,kano_0105,E484K,3,kano_0105,Kano
NC_045512.2,23018,T,C,0,0,0,70,60,30,1.0,70,2.1317200000000001e-41,True,S:cds-YP_009724390.1,TTT,F,CTT,L,486.0,kano_0105,F486L,3,kano_0105,Kano
NC_045512.2,23019,T,C,0,0,0,70,60,32,1.0,70,2.1317200000000001e-41,True,S:cds-YP_009724390.1,TTT,F,TCT,S,486.0,kano_0105,F486S,3,kano_0105,Kano
NC_045512.2,23055,A,G,0,0,0,23,19,32,1.0,23,2.42912e-13,True,S:cds-YP_009724390.1,CAA,Q,CGA,R,498.0,kano_0105,Q498R,3,kano_0105,Kano
NC_045512.2,23222,G,A,0,0,0,34,17,31,1.0,34,7.02913e-20,True,S:cds-YP_009724390.1,GAG,E,AAG,K,554.0,kano_0105,E554K,3,kano_0105,Kano
NC_045512.2,23271,C,T,0,0,0,158,63,30,1.0,158,3.3404e-94,True,S:cds-YP_009724390.1,GCT,A,GTT,V,570.0,kano_0105,A570V,3,kano_0105,Kano
NC_045512.2,23403,A,G,0,0,0,114,82,28,1.0,114,8.63136e-68,True,S:cds-YP_009724390.1,GAT,D,GGT,G,614.0,kano_0105,D614G,10,kano_0105,Kano
NC_045512.2,23423,C,T,0,0,0,122,86,30,1.0,122,1.38647e-72,True,S:cds-YP_009724390.1,CCT,P,TCT,S,621.0,kano_0105,P621S,3,kano_0105,Kano
NC_045512.2,23525,C,T,0,0,0,241,150,32,1.0,241,2.20471e-144,True,S:cds-YP_009724390.1,CAT,H,TAT,Y,655.0,kano_0105,H655Y,3,kano_0105,Kano
NC_045512.2,23599,T,G,0,0,0,309,163,31,1.0,309,5.7309e-185,True,S:cds-YP_009724390.1,AAT,N,AAG,K,679.0,kano_0105,N679K,3,kano_0105,Kano
NC_045512.2,23604,C,G,0,0,0,309,163,32,1.0,309,5.7309e-185,True,S:cds-YP_009724390.1,CCT,P,CGT,R,681.0,kano_0105,P681R,3,kano_0105,Kano
NC_045512.2,23854,C,A,0,0,0,43,36,27,1.0,43,2.01383e-26,True,S:cds-YP_009724390.1,AAC,N,AAA,K,764.0,kano_0105,N764K,3,kano_0105,Kano
NC_045512.2,23948,G,T,0,0,0,28,22,28,1.0,28,2.61483e-16,True,S:cds-YP_009724390.1,GAT,D,TAT,Y,796.0,kano_0105,D796Y,3,kano_0105,Kano
NC_045512.2,24424,A,T,0,0,0,85,26,31,1.0,85,2.18703e-50,True,S:cds-YP_009724390.1,CAA,Q,CAT,H,954.0,kano_0105,Q954H,3,kano_0105,Kano
NC_045512.2,24469,T,A,0,0,0,98,35,27,1.0,98,6.14758e-60,True,S:cds-YP_009724390.1,AAT,N,AAA,K,969.0,kano_0105,N969K,3,kano_0105,Kano
NC_045512.2,24990,C,T,1,0,31,33,27,29,0.970588,34,1.2301e-18,True,S:cds-YP_009724390.1,CCT,P,CTT,L,1143.0,kano_0105,P1143L,3,kano_0105,Kano
NC_045512.2,25000,C,T,0,0,0,36,29,30,1.0,36,4.51965e-21,True,S:cds-YP_009724390.1,GAC,D,GAT,D,1146.0,kano_0105,D1146D,3,kano_0105,Kano
NC_045512.2,25207,C,T,0,0,0,55,25,29,1.0,55,2.0298999999999998e-32,True,S:cds-YP_009724390.1,TAC,Y,TAT,Y,1215.0,kano_0105,Y1215Y,3,kano_0105,Kano
NC_045512.2,21817,A,-N,504,176,29,265,0,20,0.522682,507,4.9791e-60,True,,,,,,,bauchi_4229,,3,bauchi_4229,Bauchi
NC_045512.2,23403,A,G,0,0,0,4060,2115,29,1.0,4060,0.0,True,S:cds-YP_009724390.1,GAT,D,GGT,G,614.0,bauchi_4229,D614G,10,bauchi_4229,Bauchi
NC_045512.2,21817,A,-N,463,171,29,262,0,20,0.562232,466,5.26001e-60,True,,,,,,,bauchi_3370,,3,bauchi_3370,Bauchi
NC_045512.2,23114,C,T,7,5,31,2401,1059,31,0.997093,2408,0.0,True,S:cds-YP_009724390.1,CTA,L,TTA,L,518.0,bauchi_3370,L518L,1,bauchi_3370,Bauchi
NC_045512.2,23403,A,G,0,0,0,3902,2393,26,1.0,3902,0.0,True,S:cds-YP_009724390.1,GAT,D,GGT,G,614.0,bauchi_3370,D614G,10,bauchi_3370,Bauchi
NC_045512.2,21817,A,-N,4576,1415,28,2323,0,20,0.504561,4604,0.0,True,,,,,,,bauchi_4243,,3,bauchi_4243,Bauchi
NC_045512.2,23403,A,G,15,10,31,27832,14600,28,0.999461,27847,0.0,True,S:cds-YP_009724390.1,GAT,D,GGT,G,614.0,bauchi_4243,D614G,10,bauchi_4243,Bauchi
